cliente_id,edad,antiguedad_meses,cargo_mensual_usd,tickets_soporte,fallas_servicio_3m,uso_datos_gb,tipo_contrato,metodo_pago,tipo_internet,gasto_acumulado_usd,abandono,tickets_por_anio,costo_promedio_gb,cliente_nuevo
C10000,43,15,53.5,2,1,8.7,Mensual,Efectivo,Cable,802.5,1,1.6,6.149425287356323,0
C10001,27,54,47.88,2,4,22.4,Anual,Transferencia,Inalámbrico,2585.52,1,0.4444444444444444,2.1375,0
C10002,48,20,30.96,3,1,13.2,Mensual,Tarjeta,Cable,619.2,1,1.7999999999999998,2.3454545454545457,0
C10003,50,3,41.66,1,2,19.6,Mensual,Efectivo,Cable,124.98,1,4.0,2.1255102040816323,1
C10004,18,76,54.92,3,3,17.3,Anual,Efectivo,Fibra,4173.92,0,0.4736842105263158,3.174566473988439,0
C10005,23,25,49.22,1,0,16.9,Mensual,Débito automático,Inalámbrico,1230.5,0,0.48,2.9124260355029588,0
C10006,41,42,56.55,0,0,23.8,Mensual,Transferencia,Fibra,2375.1,0,0.0,2.3760504201680672,0
C10007,35,5,,3,1,23.8,Mensual,Efectivo,Fibra,348.2,1,7.199999999999999,,1
C10008,39,13,37.16,2,0,20.2,Anual,Transferencia,Cable,483.08,0,1.8461538461538463,1.8396039603960395,0
C10009,29,19,49.13,3,1,25.0,Mensual,Efectivo,Fibra,933.47,0,1.8947368421052633,1.9652,0
C10010,50,8,60.33,1,3,15.1,Anual,Transferencia,Cable,482.64,0,1.5,3.995364238410596,0
C10011,48,20,46.48,0,0,27.5,Mensual,Tarjeta,Fibra,929.6,0,0.0,1.690181818181818,0
C10012,40,17,76.67,2,0,20.4,Mensual,Débito automático,Fibra,1303.39,1,1.4117647058823528,3.7583333333333337,0
C10013,53,50,71.82,3,2,18.1,Anual,Efectivo,Inalámbrico,3591.0,1,0.72,3.9679558011049716,0
C10014,45,3,60.7,1,3,15.6,Mensual,Efectivo,Inalámbrico,182.1,0,4.0,3.8910256410256414,1
C10015,29,34,79.58,0,1,20.1,Mensual,Transferencia,Fibra,2705.72,1,0.0,3.959203980099502,0
C10016,43,44,33.41,2,0,37.0,Mensual,Efectivo,Inalámbrico,1470.04,0,0.5454545454545455,0.9029729729729729,0
C10017,27,76,52.09,0,3,21.5,Anual,Tarjeta,Fibra,3958.84,0,0.0,2.4227906976744187,0
C10018,50,39,63.0,1,0,12.8,Mensual,Transferencia,Fibra,2457.0,0,0.3076923076923077,4.921875,0
C10019,38,11,41.02,2,2,29.4,Anual,Tarjeta,Inalámbrico,451.22,0,2.181818181818182,1.3952380952380954,0
C10020,37,19,59.02,1,0,18.2,Mensual,Tarjeta,Cable,1121.38,0,0.6315789473684211,3.2428571428571433,0
C10021,31,28,36.53,2,2,24.3,Mensual,Tarjeta,Cable,1022.84,1,0.8571428571428571,1.5032921810699589,0
C10022,54,55,68.78,2,2,17.2,Mensual,Efectivo,Fibra,3782.9,0,0.4363636363636364,3.9988372093023257,0
C10023,37,5,70.38,1,2,32.2,Mensual,Tarjeta,Fibra,351.9,0,2.4,2.1857142857142855,1
C10024,34,34,57.91,1,2,17.3,Anual,Débito automático,Fibra,1968.94,0,0.3529411764705882,3.3473988439306357,0
C10025,35,6,70.90200000000002,1,0,33.2,Mensual,Débito automático,Inalámbrico,157.56,0,2.0,2.1356024096385546,1
C10026,45,15,41.85,2,1,13.6,Bianual,Tarjeta,Fibra,627.75,0,1.6,3.0772058823529416,0
C10027,43,7,64.36,2,0,19.7,Mensual,Efectivo,Fibra,450.52,1,3.4285714285714284,3.267005076142132,0
C10028,44,13,56.44,1,1,33.2,Mensual,Transferencia,Fibra,733.72,1,0.9230769230769231,1.6999999999999997,0
C10029,44,40,20.0,3,3,23.3,Mensual,Débito automático,Cable,800.0,0,0.8999999999999999,0.8583690987124464,0
C10030,65,18,79.59,1,2,40.2,Anual,Transferencia,Fibra,1432.62,0,0.6666666666666666,1.9798507462686568,0
C10031,34,12,55.87,0,2,19.8,Mensual,Transferencia,Cable,670.44,0,0.0,2.8217171717171716,0
C10032,33,11,41.3,1,1,24.1,Anual,Tarjeta,Cable,454.3,0,1.090909090909091,1.713692946058091,0
C10033,29,9,67.59,0,0,37.2,Bianual,Débito automático,Fibra,608.31,0,0.0,1.8169354838709677,0
C10034,46,38,46.42,4,0,9.9,Anual,Tarjeta,Fibra,1763.96,0,1.2631578947368423,4.688888888888889,0
C10035,53,24,47.86,1,0,8.9,Mensual,Débito automático,Fibra,1148.64,0,0.5,5.37752808988764,0
C10036,38,30,60.12,4,1,15.6,Anual,Tarjeta,Cable,1803.6,0,1.6,3.853846153846154,0
C10037,29,7,79.39,1,1,28.5,Mensual,Efectivo,Inalámbrico,555.73,1,1.7142857142857142,2.785614035087719,0
C10038,29,24,77.02,1,1,9.1,Mensual,Transferencia,Fibra,1848.48,0,0.5,8.463736263736264,0
C10039,47,3,62.21,0,0,26.8,Mensual,Tarjeta,Cable,186.63,0,0.0,2.321268656716418,1
C10040,48,50,63.98,3,3,26.2,Anual,Tarjeta,Fibra,3199.0,1,0.72,2.4419847328244275,0
C10041,46,34,68.45,1,3,38.1,Mensual,Tarjeta,Inalámbrico,2327.3,0,0.3529411764705882,1.7965879265091864,0
C10042,31,22,34.28,0,2,30.4,Anual,Efectivo,Inalámbrico,754.16,0,0.0,1.1276315789473685,0
C10043,42,2,65.32,1,1,24.9,Anual,Efectivo,Cable,130.64,0,4.0,2.623293172690763,1
C10044,40,11,44.19,1,1,32.9,Mensual,Tarjeta,Fibra,486.09,1,1.090909090909091,1.343161094224924,0
C10045,42,7,60.44,0,0,26.3,Mensual,Transferencia,Fibra,423.08,0,0.0,2.2980988593155893,0
C10046,49,21,53.86,1,1,18.3,Anual,Tarjeta,Inalámbrico,1131.06,0,0.5714285714285714,2.9431693989071035,0
C10047,42,31,63.18,2,2,12.8,Mensual,Efectivo,Fibra,1958.58,0,0.7741935483870968,4.9359375,0
C10048,47,29,58.58,2,1,17.4,Mensual,Débito automático,Cable,1698.82,0,0.8275862068965518,3.3666666666666667,0
C10049,40,61,20.0,0,3,21.7,Mensual,Débito automático,Inalámbrico,1220.0,0,0.0,0.9216589861751152,0
C10050,42,23,58.34,4,0,23.4,Bianual,Débito automático,Cable,1341.82,0,2.0869565217391304,2.4931623931623936,0
C10051,47,52,66.44,5,1,4.9,Mensual,Transferencia,Cable,3454.88,1,1.153846153846154,13.559183673469386,0
C10052,22,19,57.75,3,0,20.2,Mensual,Tarjeta,Cable,1097.25,0,1.8947368421052633,2.858910891089109,0
C10053,35,33,52.51,2,2,22.2,Mensual,Débito automático,Inalámbrico,1732.83,1,0.7272727272727273,2.3653153153153155,0
C10054,33,20,78.22,1,1,26.4,Mensual,Tarjeta,Fibra,1564.4,0,0.6,2.962878787878788,0
C10055,31,29,57.8,1,0,35.0,Bianual,Tarjeta,Inalámbrico,1676.2,0,0.4137931034482759,1.6514285714285712,0
C10056,36,23,60.85,3,0,23.5,Mensual,Tarjeta,Fibra,1399.55,0,1.5652173913043477,2.58936170212766,0
C10057,57,14,,0,0,14.7,Anual,Efectivo,Cable,1046.92,1,0.0,,0
C10058,29,29,58.11,2,2,7.5,Anual,Efectivo,Inalámbrico,1685.19,0,0.8275862068965518,7.748,0
C10059,51,35,44.26,3,0,27.5,Mensual,Débito automático,Cable,1549.1,1,1.0285714285714287,1.6094545454545455,0
C10060,19,39,20.0,2,1,15.0,Anual,Transferencia,Fibra,780.0,0,0.6153846153846154,1.3333333333333333,0
C10061,35,27,46.89,2,2,28.9,Bianual,Tarjeta,Fibra,1266.03,0,0.8888888888888888,1.622491349480969,0
C10062,41,2,66.84,1,2,33.2,Anual,Transferencia,Cable,133.68,0,4.0,2.013253012048193,1
C10063,46,30,51.28,3,2,9.6,Anual,Débito automático,Cable,1538.4,0,1.2,5.341666666666667,0
C10064,48,8,69.06,3,0,26.4,Mensual,Tarjeta,Fibra,552.48,1,4.5,2.615909090909091,0
C10065,49,26,59.5,2,3,32.3,Anual,Débito automático,Inalámbrico,1547.0,0,0.9230769230769231,1.842105263157895,0
C10066,35,29,73.37,1,1,30.2,Mensual,Transferencia,Inalámbrico,2127.73,0,0.4137931034482759,2.4294701986754967,0
C10067,33,5,49.16,5,0,5.2,Anual,Débito automático,Inalámbrico,245.8,1,12.0,9.453846153846152,1
C10068,49,24,64.28,4,2,15.2,Mensual,Débito automático,Cable,1542.72,1,2.0,4.228947368421053,0
C10069,37,6,62.1,4,1,11.8,Anual,Transferencia,Inalámbrico,372.6,1,8.0,5.262711864406779,1
C10070,24,2,74.04,1,1,26.2,Bianual,Efectivo,Inalámbrico,148.08,0,4.0,2.8259541984732826,1
C10071,25,6,26.15,3,0,25.3,Anual,Transferencia,Fibra,156.9,0,6.0,1.0335968379446638,1
C10072,28,22,45.56,2,0,1.0,Mensual,Débito automático,Inalámbrico,1002.32,0,1.090909090909091,45.56,0
C10073,45,21,69.08,2,3,19.6,Anual,Débito automático,Cable,1450.68,0,1.1428571428571428,3.524489795918367,0
C10074,41,16,78.62,1,1,28.4,Bianual,Transferencia,Inalámbrico,1257.92,1,0.75,2.7683098591549298,0
C10075,47,34,60.41,2,0,23.2,Anual,Tarjeta,Cable,2053.94,0,0.7058823529411764,2.6038793103448277,0
C10076,34,20,49.43,3,1,23.2,Bianual,Débito automático,Cable,988.6,0,1.7999999999999998,2.130603448275862,0
C10077,41,31,66.79,2,2,19.1,Anual,Débito automático,Fibra,2070.49,1,0.7741935483870968,3.4968586387434555,0
C10078,47,39,69.84,4,0,13.5,Bianual,Efectivo,Fibra,2723.76,0,1.2307692307692308,5.173333333333334,0
C10079,35,84,48.66,0,1,21.9,Mensual,Débito automático,Fibra,4087.44,0,0.0,2.221917808219178,0
C10080,44,22,61.07,2,0,22.4,Mensual,Transferencia,Cable,1343.54,0,1.090909090909091,2.726339285714286,0
C10081,31,50,70.84,2,1,,Anual,Transferencia,Inalámbrico,3542.0,1,0.48,,0
C10082,35,28,82.41,2,1,27.6,Bianual,Transferencia,Fibra,2307.48,0,0.8571428571428571,2.985869565217391,0
C10083,34,29,64.96,3,0,22.7,Mensual,Tarjeta,Fibra,1883.84,1,1.2413793103448276,2.8616740088105725,0
C10084,25,22,52.41,2,2,30.8,Mensual,Transferencia,Cable,1153.02,1,1.090909090909091,1.7016233766233764,0
C10085,45,26,55.54,1,0,19.0,Mensual,Efectivo,Fibra,1444.04,0,0.46153846153846156,2.923157894736842,0
C10086,33,20,61.95,1,1,10.4,Anual,Tarjeta,Fibra,1239.0,1,0.6,5.956730769230769,0
C10087,39,44,53.23,2,1,25.8,Bianual,Tarjeta,Fibra,2342.12,0,0.5454545454545455,2.0631782945736434,0
C10088,45,13,59.19,1,1,23.0,Anual,Efectivo,Cable,769.47,0,0.9230769230769231,2.573478260869565,0
C10089,44,6,40.25,0,3,26.0,Mensual,Débito automático,Cable,241.5,1,0.0,1.5480769230769231,1
C10090,47,16,76.27,3,2,11.9,Mensual,Débito automático,Inalámbrico,1220.32,1,2.25,6.409243697478991,0
C10091,38,14,37.64,0,1,36.3,Bianual,Tarjeta,Fibra,526.96,0,0.0,1.0369146005509642,0
C10092,34,16,47.34,1,1,27.7,Mensual,Débito automático,Fibra,757.44,1,0.75,1.7090252707581228,0
C10093,38,21,56.2,3,0,19.7,Mensual,Tarjeta,Cable,1180.2,0,1.7142857142857142,2.852791878172589,0
C10094,19,16,80.23,2,0,14.5,Mensual,Tarjeta,Inalámbrico,1283.68,0,1.5,5.533103448275862,0
C10095,22,21,44.72,0,3,30.6,Anual,Efectivo,Fibra,939.12,1,0.0,1.461437908496732,0
C10096,23,16,41.3,0,1,13.2,Mensual,Transferencia,Inalámbrico,660.8,1,0.0,3.128787878787879,0
C10097,27,31,43.95,2,1,40.1,Mensual,,Cable,1362.45,0,0.7741935483870968,1.0960099750623442,0
C10098,44,84,81.0,1,1,17.1,Mensual,Tarjeta,Inalámbrico,6804.0,0,0.14285714285714285,4.7368421052631575,0
C10099,28,27,20.0,0,2,35.8,Bianual,Tarjeta,Fibra,540.0,0,0.0,0.558659217877095,0
C10100,34,16,38.78,3,1,20.5,Mensual,Transferencia,Fibra,620.48,0,2.25,1.8917073170731709,0
C10101,55,2,96.8125,2,1,34.6,Mensual,Tarjeta,Fibra,199.24,1,8.0,2.798049132947977,1
C10102,35,72,62.91,4,0,16.1,Mensual,Tarjeta,Cable,4529.52,0,0.6666666666666666,3.907453416149068,0
C10103,48,28,40.45,0,1,22.2,Mensual,Tarjeta,Inalámbrico,1132.6,0,0.0,1.8220720720720722,0
C10104,28,21,51.81,3,0,28.4,Anual,Transferencia,Fibra,1088.01,0,1.7142857142857142,1.8242957746478874,0
C10105,37,2,55.52,1,3,27.3,Anual,Efectivo,Fibra,111.04,1,4.0,2.0336996336996336,1
C10106,28,22,65.13,1,0,30.8,Mensual,Tarjeta,Fibra,1432.86,0,0.5454545454545455,2.1146103896103896,0
C10107,35,26,81.64,3,1,18.1,Bianual,Efectivo,Cable,2122.64,0,1.3846153846153848,4.51049723756906,0
C10108,49,16,63.1,2,0,22.7,Mensual,Transferencia,Inalámbrico,1009.6,0,1.5,2.7797356828193833,0
C10109,18,7,42.04,2,2,32.0,Bianual,Transferencia,Fibra,294.28,0,3.4285714285714284,1.31375,0
C10110,44,7,67.93,2,2,16.4,Mensual,Transferencia,Cable,475.51,0,3.4285714285714284,4.142073170731708,0
C10111,42,73,45.19,4,1,26.6,Mensual,Efectivo,Cable,3298.87,0,0.6575342465753425,1.6988721804511275,0
C10112,32,25,37.86,2,0,20.2,Bianual,Débito automático,Inalámbrico,946.5,0,0.96,1.8742574257425744,0
C10113,22,16,24.66,0,2,23.6,Bianual,,Inalámbrico,394.56,0,0.0,1.0449152542372881,0
C10114,40,24,31.72,2,2,22.7,Anual,Débito automático,Fibra,761.28,0,1.0,1.3973568281938327,0
C10115,33,23,40.14,2,2,15.7,Anual,Tarjeta,Cable,923.22,0,1.0434782608695652,2.556687898089172,0
C10116,42,7,37.99,4,3,19.9,Anual,Transferencia,Inalámbrico,265.93,0,6.857142857142857,1.9090452261306534,0
C10117,39,43,59.67,1,0,23.2,Anual,Transferencia,Inalámbrico,2565.81,0,0.27906976744186046,2.5719827586206896,0
C10118,58,21,41.35,2,0,21.2,Mensual,Tarjeta,Cable,868.35,0,1.1428571428571428,1.9504716981132078,0
C10119,36,26,20.0,1,3,34.6,Mensual,Tarjeta,Fibra,520.0,0,0.46153846153846156,0.5780346820809248,0
C10120,27,58,36.55,1,0,30.1,Anual,Tarjeta,Cable,2119.9,0,0.20689655172413796,1.2142857142857142,0
C10121,41,8,48.35,2,0,24.3,Anual,Tarjeta,Cable,386.8,0,3.0,1.9897119341563787,0
C10122,42,13,46.58,2,3,15.9,Bianual,Transferencia,Fibra,605.54,0,1.8461538461538463,2.929559748427673,0
C10123,55,29,81.44,3,2,15.4,Mensual,Tarjeta,Inalámbrico,2361.76,1,1.2413793103448276,5.288311688311688,0
C10124,49,42,48.07,1,0,37.8,Mensual,Débito automático,Fibra,2018.94,0,0.2857142857142857,1.2716931216931218,0
C10125,43,15,69.1,3,4,13.9,Mensual,Débito automático,Inalámbrico,1036.5,1,2.4,4.971223021582733,0
C10126,57,15,58.83,0,0,22.9,Anual,Tarjeta,Fibra,882.45,0,0.0,2.568995633187773,0
C10127,25,36,51.12,1,2,24.9,Mensual,Tarjeta,Fibra,1840.32,1,0.3333333333333333,2.053012048192771,0
C10128,31,84,40.6,3,2,19.5,Bianual,Transferencia,Cable,3410.4,0,0.42857142857142855,2.082051282051282,0
C10129,28,25,51.56,2,2,14.0,Mensual,Débito automático,Cable,1289.0,0,0.96,3.682857142857143,0
C10130,34,13,42.34,0,1,15.7,Mensual,Transferencia,Inalámbrico,550.42,0,0.0,2.6968152866242043,0
C10131,22,10,53.61,1,0,17.6,Anual,Tarjeta,Cable,536.1,0,1.2,3.046022727272727,0
C10132,47,21,53.27,2,1,16.3,Mensual,Débito automático,Fibra,1118.67,0,1.1428571428571428,3.2680981595092025,0
C10133,36,41,,1,4,32.6,Anual,Transferencia,Inalámbrico,1644.51,0,0.29268292682926833,,0
C10134,21,84,65.71,3,0,21.9,Mensual,Transferencia,Cable,5519.64,0,0.42857142857142855,3.0004566210045662,0
C10135,27,19,58.61,1,1,17.8,Mensual,Débito automático,Fibra,1113.59,0,0.6315789473684211,3.292696629213483,0
C10136,43,25,49.17,0,2,22.9,Anual,Débito automático,Inalámbrico,1229.25,0,0.0,2.147161572052402,0
C10137,49,66,59.45,4,1,27.3,Bianual,Transferencia,Fibra,3923.7,0,0.7272727272727273,2.177655677655678,0
C10138,63,29,59.23,2,1,19.2,Mensual,Tarjeta,Fibra,1717.67,0,0.8275862068965518,3.0848958333333334,0
C10139,74,27,50.01,1,1,29.2,Mensual,Transferencia,Cable,1350.27,0,0.4444444444444444,1.7126712328767124,0
C10140,44,58,57.18,2,2,11.8,Anual,Tarjeta,Cable,3316.44,0,0.4137931034482759,4.845762711864406,0
C10141,27,25,42.89,2,0,31.4,Bianual,Transferencia,Cable,1072.25,0,0.96,1.3659235668789809,0
C10142,18,11,35.97,0,2,21.9,Anual,Tarjeta,Inalámbrico,395.67,0,0.0,1.6424657534246576,0
C10143,42,50,31.32,0,2,21.6,Anual,Efectivo,Fibra,1566.0,0,0.0,1.45,0
C10144,29,6,47.29,2,1,16.5,Mensual,Efectivo,Inalámbrico,283.74,0,4.0,2.866060606060606,1
C10145,34,45,62.32,2,0,12.2,Anual,Débito automático,Fibra,2804.4,0,0.5333333333333333,5.108196721311476,0
C10146,32,23,42.94,1,1,8.7,Bianual,Débito automático,Fibra,987.62,0,0.5217391304347826,4.935632183908046,0
C10147,37,19,92.32,3,2,15.9,Bianual,Tarjeta,Fibra,1754.08,1,1.8947368421052633,5.8062893081761,0
C10148,52,19,71.25,4,1,26.7,Anual,Tarjeta,Fibra,1353.75,0,2.5263157894736845,2.668539325842697,0
C10149,41,21,74.99,2,3,14.3,Anual,Transferencia,Fibra,1574.79,0,1.1428571428571428,5.244055944055943,0
C10150,37,17,66.44,5,0,9.6,Bianual,Tarjeta,Inalámbrico,1129.48,1,3.5294117647058822,6.920833333333333,0
C10151,27,32,80.0,2,0,14.7,Mensual,Tarjeta,Inalámbrico,2560.0,0,0.75,5.442176870748299,0
C10152,19,17,38.56,1,1,18.9,Mensual,Efectivo,Cable,655.52,0,0.7058823529411764,2.0402116402116404,0
C10153,33,24,20.0,0,1,19.2,Bianual,Transferencia,Fibra,480.0,0,0.0,1.0416666666666667,0
C10154,38,4,48.05,3,1,21.0,Mensual,Tarjeta,Inalámbrico,192.2,1,9.0,2.288095238095238,1
C10155,60,23,68.17,4,2,30.3,Mensual,Transferencia,Fibra,1567.91,1,2.0869565217391304,2.2498349834983498,0
C10156,41,17,57.7,1,1,32.0,Mensual,Débito automático,Cable,980.9,0,0.7058823529411764,1.803125,0
C10157,51,43,61.86,0,2,,Anual,Efectivo,Cable,2659.98,0,0.0,,0
C10158,33,19,73.4,1,2,9.0,Anual,Tarjeta,Fibra,1394.6,1,0.6315789473684211,8.155555555555557,0
C10159,25,39,57.48,0,1,15.2,Anual,Transferencia,Cable,2241.72,0,0.0,3.781578947368421,0
C10160,27,36,64.19,1,5,27.6,Mensual,Débito automático,Inalámbrico,2310.84,0,0.3333333333333333,2.325724637681159,0
C10161,30,37,38.81,1,0,18.4,Mensual,Tarjeta,Fibra,1435.97,0,0.3243243243243243,2.109239130434783,0
C10162,65,20,44.52,2,2,28.9,Mensual,Efectivo,Cable,890.4,0,1.2,1.5404844290657442,0
C10163,29,25,76.88,0,1,23.7,Bianual,Efectivo,Inalámbrico,1922.0,0,0.0,3.243881856540084,0
C10164,49,31,58.78,2,0,34.6,Mensual,Efectivo,Fibra,1822.18,1,0.7741935483870968,1.698843930635838,0
C10165,28,25,43.09,0,1,30.3,Anual,Tarjeta,Fibra,1077.25,0,0.0,1.4221122112211222,0
C10166,50,20,48.18,1,1,30.5,Anual,Débito automático,Fibra,963.6,0,0.6,1.579672131147541,0
C10167,44,11,46.38,2,0,18.7,Anual,Transferencia,Cable,510.18,0,2.181818181818182,2.4802139037433157,0
C10168,37,24,43.88,2,3,21.2,Anual,Tarjeta,Fibra,1053.12,1,1.0,2.069811320754717,0
C10169,39,6,35.72,0,2,19.6,Anual,Tarjeta,Fibra,214.32,0,0.0,1.8224489795918366,1
C10170,31,3,30.62,1,2,10.0,Anual,Transferencia,Fibra,91.86,0,4.0,3.0620000000000003,1
C10171,44,9,53.19,3,0,33.8,Mensual,Tarjeta,Inalámbrico,478.71,1,4.0,1.5736686390532546,0
C10172,34,37,44.93,2,2,28.0,Mensual,Efectivo,Inalámbrico,1662.41,0,0.6486486486486486,1.604642857142857,0
C10173,24,28,68.13,3,0,19.2,Mensual,,Cable,1907.64,0,1.2857142857142856,3.5484375,0
C10174,24,37,55.92,0,3,32.4,Mensual,Tarjeta,Inalámbrico,2069.04,0,0.0,1.725925925925926,0
C10175,41,14,59.41,3,3,17.0,Anual,Débito automático,Cable,831.74,1,2.571428571428571,3.494705882352941,0
C10176,58,46,48.19,1,4,7.3,Mensual,Débito automático,Inalámbrico,2216.74,0,0.2608695652173913,6.601369863013699,0
C10177,41,7,53.61,2,0,30.1,Anual,Tarjeta,Fibra,375.27,0,3.4285714285714284,1.781063122923588,0
C10178,38,10,60.16,0,2,11.8,Mensual,Efectivo,Fibra,601.6,0,0.0,5.098305084745762,0
C10179,42,45,66.4,0,0,20.4,Anual,Débito automático,Inalámbrico,2988.0,0,0.0,3.254901960784314,0
C10180,55,26,,4,1,23.6,Mensual,Débito automático,Fibra,1488.24,0,1.8461538461538463,,0
C10181,42,37,71.85,2,1,25.1,Mensual,Transferencia,Fibra,2658.45,0,0.6486486486486486,2.8625498007968124,0
C10182,34,28,53.94,4,1,28.8,Mensual,Débito automático,Cable,1510.32,0,1.7142857142857142,1.8729166666666666,0
C10183,52,15,69.85,1,2,26.6,Anual,Efectivo,Cable,1047.75,1,0.8,2.62593984962406,0
C10184,44,9,48.77,2,1,26.4,Mensual,Tarjeta,Fibra,438.93,0,2.6666666666666665,1.8473484848484851,0
C10185,57,4,31.92,2,3,15.7,Anual,Tarjeta,Fibra,127.68,0,6.0,2.0331210191082802,1
C10186,41,69,59.46,2,1,24.4,Anual,Transferencia,Fibra,4102.74,0,0.34782608695652173,2.4368852459016397,0
C10187,24,5,62.4,2,0,10.0,Bianual,Transferencia,Fibra,312.0,0,4.8,6.24,1
C10188,23,57,59.92,0,0,34.5,Anual,Transferencia,Fibra,3415.44,0,0.0,1.7368115942028985,0
C10189,59,25,65.9,2,0,10.8,Anual,Tarjeta,Cable,1647.5,0,0.96,6.101851851851852,0
C10190,60,28,54.57,3,0,19.2,Anual,Débito automático,Cable,1527.96,0,1.2857142857142856,2.8421875,0
C10191,37,27,42.41,2,1,11.4,Mensual,Efectivo,Fibra,1145.07,0,0.8888888888888888,3.720175438596491,0
C10192,34,34,62.1,4,3,16.2,Anual,Transferencia,Fibra,2111.4,1,1.4117647058823528,3.8333333333333335,0
C10193,57,13,65.51,0,1,22.1,Mensual,Tarjeta,Cable,851.63,1,0.0,2.9642533936651585,0
C10194,26,3,43.57,3,1,17.8,Anual,Tarjeta,Fibra,130.71,1,12.0,2.447752808988764,1
C10195,28,15,69.08,1,4,31.2,Mensual,Tarjeta,Fibra,1036.2,1,0.8,2.2141025641025642,0
C10196,47,32,43.57,2,4,23.8,Mensual,Efectivo,Fibra,1394.24,1,0.75,1.830672268907563,0
C10197,34,10,45.07,2,1,18.3,Anual,Tarjeta,Cable,450.7,0,2.4,2.4628415300546447,0
C10198,39,47,79.52,2,0,20.9,Mensual,Débito automático,Fibra,3737.44,1,0.5106382978723405,3.8047846889952153,0
C10199,37,21,67.54,2,1,31.8,Mensual,Tarjeta,Fibra,1418.34,1,1.1428571428571428,2.1238993710691827,0
C10200,43,9,50.52,0,1,29.3,Mensual,Tarjeta,Cable,454.68,0,0.0,1.7242320819112629,0
C10201,56,26,63.19,2,3,12.9,Anual,Débito automático,Inalámbrico,1642.94,0,0.9230769230769231,4.8984496124031,0
C10202,40,32,57.52,5,0,16.6,Mensual,Transferencia,Cable,1840.64,0,1.875,3.4650602409638553,0
C10203,47,33,20.0,1,1,25.8,Mensual,Transferencia,Inalámbrico,660.0,0,0.36363636363636365,0.7751937984496123,0
C10204,18,45,36.54,1,2,24.8,Bianual,Tarjeta,Cable,1644.3,0,0.26666666666666666,1.4733870967741935,0
C10205,38,7,53.98,1,3,13.6,Bianual,Efectivo,Fibra,377.86,0,1.7142857142857142,3.969117647058823,0
C10206,29,45,47.32,0,1,28.0,Mensual,Transferencia,Fibra,2129.4,0,0.0,1.69,0
C10207,24,48,55.23,2,1,14.9,Mensual,Débito automático,Fibra,2651.04,0,0.5,3.706711409395973,0
C10208,28,9,69.38,4,2,32.4,Mensual,Efectivo,Fibra,624.42,1,5.333333333333333,2.141358024691358,0
C10209,35,10,49.23,1,1,26.2,Bianual,Débito automático,Fibra,492.3,0,1.2,1.879007633587786,0
C10210,50,38,41.64,2,0,12.9,Mensual,Efectivo,Fibra,1582.32,0,0.6315789473684211,3.227906976744186,0
C10211,23,17,56.16,2,0,17.8,Mensual,Efectivo,Cable,954.72,0,1.4117647058823528,3.1550561797752805,0
C10212,39,53,50.07,0,0,17.6,Mensual,Efectivo,Cable,2653.71,0,0.0,2.8448863636363635,0
C10213,33,62,51.25,0,5,23.3,Anual,Transferencia,Fibra,3177.5,0,0.0,2.199570815450644,0
C10214,35,9,49.67,0,1,20.4,Mensual,Efectivo,Cable,447.03,1,0.0,2.4348039215686277,0
C10215,51,13,91.36,2,2,12.8,Anual,Efectivo,Fibra,1187.68,1,1.8461538461538463,7.137499999999999,0
C10216,45,25,22.74,1,1,10.8,Mensual,Tarjeta,Cable,568.5,0,0.48,2.105555555555555,0
C10217,55,3,52.82,3,1,26.4,Anual,Efectivo,Cable,158.46,0,12.0,2.000757575757576,1
C10218,37,4,54.45,0,2,24.3,Anual,Tarjeta,Fibra,217.8,0,0.0,2.240740740740741,1
C10219,31,11,41.41,3,0,22.8,Mensual,Transferencia,Fibra,455.51,1,3.272727272727273,1.8162280701754383,0
C10220,36,76,67.78,0,2,24.2,Mensual,Tarjeta,Inalámbrico,5151.28,0,0.0,2.800826446280992,0
C10221,42,28,67.86,3,2,17.0,Mensual,Tarjeta,Cable,1900.08,0,1.2857142857142856,3.991764705882353,0
C10222,41,14,54.71,4,0,23.5,Anual,Tarjeta,Cable,765.94,0,3.4285714285714284,2.3280851063829786,0
C10223,26,10,47.92,2,0,42.3,Mensual,Tarjeta,Fibra,479.2,1,2.4,1.1328605200945627,0
C10224,40,9,53.52,3,0,31.4,Anual,Tarjeta,Fibra,481.68,0,4.0,1.704458598726115,0
C10225,42,15,54.09,2,1,19.7,Mensual,Tarjeta,Fibra,811.35,0,1.6,2.7456852791878177,0
C10226,69,14,60.69,1,1,17.8,Anual,Transferencia,Inalámbrico,849.66,1,0.8571428571428571,3.4095505617977526,0
C10227,62,20,57.44,1,4,1.0,Anual,Transferencia,Fibra,1148.8,0,0.6,57.44,0
C10228,29,33,56.46,2,1,30.5,Mensual,Débito automático,Fibra,1863.18,0,0.7272727272727273,1.8511475409836067,0
C10229,36,22,65.58,3,2,28.3,Mensual,Débito automático,Inalámbrico,1442.76,0,1.6363636363636365,2.3173144876325087,0
C10230,21,40,32.38,2,0,17.6,Anual,Tarjeta,Fibra,1295.2,0,0.6,1.8397727272727273,0
C10231,32,19,37.6,3,2,10.5,Mensual,Transferencia,Fibra,714.4,0,1.8947368421052633,3.580952380952381,0
C10232,43,65,29.66,1,0,12.8,Anual,Transferencia,Cable,1927.9,0,0.1846153846153846,2.3171874999999997,0
C10233,53,39,71.19,2,0,25.6,Bianual,Transferencia,Fibra,2776.41,0,0.6153846153846154,2.780859375,0
C10234,30,27,56.65,3,1,21.3,Mensual,Transferencia,Inalámbrico,1529.55,1,1.3333333333333333,2.6596244131455395,0
C10235,31,33,60.71,3,0,27.5,Mensual,Efectivo,Fibra,2003.43,0,1.0909090909090908,2.2076363636363636,0
C10236,18,15,28.7,1,1,22.7,Mensual,Efectivo,Cable,430.5,0,0.8,1.2643171806167401,0
C10237,37,20,81.28,0,2,29.7,Mensual,Transferencia,Fibra,1625.6,0,0.0,2.736700336700337,0
C10238,26,19,42.85,1,1,25.0,Bianual,Efectivo,Cable,814.15,0,0.6315789473684211,1.714,0
C10239,33,13,56.11,1,0,28.6,Bianual,Tarjeta,Inalámbrico,729.43,0,0.9230769230769231,1.9618881118881117,0
C10240,28,7,65.26,0,0,5.3,Mensual,Débito automático,Inalámbrico,456.82,0,0.0,12.313207547169812,0
C10241,38,34,39.94,4,3,12.1,Bianual,Débito automático,Inalámbrico,1357.96,0,1.4117647058823528,3.3008264462809915,0
C10242,18,44,41.95,2,0,19.1,Mensual,Tarjeta,Cable,1845.8,0,0.5454545454545455,2.196335078534031,0
C10243,21,31,53.52,4,0,30.6,Bianual,Débito automático,Fibra,1659.12,0,1.5483870967741935,1.7490196078431373,0
C10244,65,22,96.8125,2,4,37.0,Anual,Débito automático,Fibra,2283.82,1,1.090909090909091,2.616554054054054,0
C10245,24,84,56.04,0,1,20.7,Mensual,Transferencia,Fibra,4707.36,0,0.0,2.7072463768115944,0
C10246,26,14,76.08,0,0,17.1,Anual,Tarjeta,Fibra,1065.12,0,0.0,4.4491228070175435,0
C10247,61,28,78.12,6,2,6.4,Anual,Débito automático,Fibra,2187.36,1,2.571428571428571,12.20625,0
C10248,74,48,68.54,1,0,,Mensual,Transferencia,Cable,3289.92,0,0.25,,0
C10249,25,9,36.91,1,1,17.6,Mensual,Tarjeta,Cable,332.19,0,1.3333333333333333,2.0971590909090905,0
C10250,35,36,69.95,3,1,45.7,Anual,Efectivo,Inalámbrico,2518.2,0,1.0,1.5306345733041575,0
C10251,43,68,33.42,2,0,16.1,Mensual,Transferencia,Fibra,2272.56,0,0.3529411764705882,2.075776397515528,0
C10252,60,23,83.81,1,0,38.8,Mensual,Tarjeta,Cable,1927.63,0,0.5217391304347826,2.160051546391753,0
C10253,27,26,55.21,1,0,28.0,Mensual,Débito automático,Cable,1435.46,0,0.46153846153846156,1.9717857142857143,0
C10254,36,14,20.0,0,2,13.8,Anual,Tarjeta,Inalámbrico,280.0,0,0.0,1.4492753623188406,0
C10255,48,33,51.93,2,0,23.9,Mensual,Transferencia,Cable,1713.69,0,0.7272727272727273,2.1728033472803348,0
C10256,44,13,65.93,1,1,28.2,Mensual,Efectivo,Fibra,857.09,0,0.9230769230769231,2.337943262411348,0
C10257,34,22,50.26,2,0,20.2,Mensual,Tarjeta,Fibra,1105.72,0,1.090909090909091,2.488118811881188,0
C10258,37,6,65.24,3,2,28.7,Mensual,Efectivo,Inalámbrico,391.44,0,6.0,2.273170731707317,1
C10259,23,1,38.54,1,2,28.5,Anual,Efectivo,Cable,38.54,0,4.0,1.3522807017543859,1
C10260,36,16,34.69,1,0,26.8,Mensual,Transferencia,Cable,555.04,0,0.75,1.2944029850746268,0
C10261,36,16,53.21,0,1,21.9,Anual,Transferencia,Cable,851.36,0,0.0,2.4296803652968038,0
C10262,42,18,56.13,2,2,12.6,Mensual,Débito automático,Cable,1010.34,0,1.3333333333333333,4.454761904761905,0
C10263,32,38,48.13,0,1,21.4,Anual,Débito automático,Cable,1828.94,0,0.0,2.249065420560748,0
C10264,45,45,74.76,5,1,23.4,Mensual,Tarjeta,Inalámbrico,3364.2,0,1.3333333333333333,3.194871794871795,0
C10265,51,29,44.98,1,0,7.0,Anual,Transferencia,Inalámbrico,1304.42,0,0.4137931034482759,6.425714285714285,0
C10266,41,37,60.13,2,1,23.4,Mensual,Transferencia,Fibra,2224.81,0,0.6486486486486486,2.56965811965812,0
C10267,43,13,56.91,0,0,21.2,Bianual,Débito automático,Fibra,739.83,0,0.0,2.684433962264151,0
C10268,40,11,31.85,1,1,11.6,Mensual,Débito automático,Fibra,350.35,0,1.090909090909091,2.745689655172414,0
C10269,39,33,35.18,0,0,19.3,Mensual,Transferencia,Fibra,1160.94,0,0.0,1.8227979274611399,0
C10270,30,9,53.08,1,3,19.5,Anual,Débito automático,Inalámbrico,477.72,0,1.3333333333333333,2.722051282051282,0
C10271,43,8,85.61,3,1,37.4,Mensual,Transferencia,Inalámbrico,684.88,1,4.5,2.2890374331550802,0
C10272,38,84,63.43,2,2,23.8,Mensual,Tarjeta,Fibra,5328.12,0,0.2857142857142857,2.665126050420168,0
C10273,64,25,34.84,4,2,30.3,Anual,Efectivo,Fibra,871.0,1,1.92,1.14983498349835,0
C10274,58,16,20.0,4,1,21.1,Anual,Transferencia,Cable,320.0,0,3.0,0.947867298578199,0
C10275,44,15,67.12,3,2,7.0,Anual,Efectivo,Inalámbrico,1006.8,1,2.4,9.588571428571429,0
C10276,30,7,51.46,3,2,27.4,Bianual,Transferencia,Cable,360.22,0,5.142857142857142,1.878102189781022,0
C10277,26,28,69.1,1,1,16.7,Mensual,Débito automático,Fibra,1934.8,0,0.42857142857142855,4.137724550898203,0
C10278,53,19,44.98,0,1,19.3,Mensual,Débito automático,Fibra,854.62,0,0.0,2.330569948186528,0
C10279,42,44,,2,0,13.6,Anual,Tarjeta,Cable,2680.04,0,0.5454545454545455,,0
C10280,45,34,69.04,2,1,22.6,Mensual,Transferencia,Cable,2347.36,0,0.7058823529411764,3.054867256637168,0
C10281,18,18,43.43,3,0,30.5,Mensual,Efectivo,Inalámbrico,781.74,0,2.0,1.4239344262295082,0
C10282,50,4,51.11,2,0,29.5,Mensual,Tarjeta,Inalámbrico,204.44,1,6.0,1.7325423728813558,1
C10283,44,25,,2,2,34.7,Mensual,Débito automático,Fibra,1412.5,1,0.96,,0
C10284,26,23,60.12,2,0,35.8,Mensual,Transferencia,Fibra,1382.76,0,1.0434782608695652,1.6793296089385477,0
C10285,33,3,53.37,5,1,5.6,Mensual,Tarjeta,Fibra,160.11,1,20.0,9.530357142857143,1
C10286,42,31,70.27,1,2,12.5,Anual,Débito automático,Fibra,2178.37,0,0.3870967741935484,5.6216,0
C10287,40,9,48.27,3,1,7.5,Anual,Transferencia,Fibra,434.43,0,4.0,6.436000000000001,0
C10288,35,45,34.12,2,1,27.1,Bianual,Tarjeta,Fibra,1535.4,0,0.5333333333333333,1.2590405904059039,0
C10289,38,22,84.39,1,4,16.5,Mensual,Tarjeta,Fibra,1856.58,1,0.5454545454545455,5.114545454545454,0
C10290,36,15,45.21,2,2,18.1,Mensual,Débito automático,Inalámbrico,678.15,1,1.6,2.4977900552486187,0
C10291,41,27,46.9,2,0,20.3,Anual,Débito automático,Fibra,1266.3,0,0.8888888888888888,2.310344827586207,0
C10292,57,26,58.12,3,0,25.1,Mensual,Transferencia,Inalámbrico,1511.12,0,1.3846153846153848,2.3155378486055773,0
C10293,18,25,51.15,2,0,10.1,Mensual,Tarjeta,Fibra,1278.75,0,0.96,5.064356435643564,0
C10294,36,41,48.48,0,2,11.9,Anual,Tarjeta,Fibra,1987.68,0,0.0,4.0739495798319325,0
C10295,41,28,55.17,1,1,22.0,Anual,Efectivo,Fibra,1544.76,0,0.42857142857142855,2.507727272727273,0
C10296,43,14,55.29,4,1,31.6,Mensual,Transferencia,Fibra,774.06,1,3.4285714285714284,1.7496835443037975,0
C10297,35,19,56.67,2,0,21.8,Anual,Transferencia,Fibra,1076.73,0,1.2631578947368423,2.59954128440367,0
C10298,18,56,20.0,1,0,15.7,Anual,Transferencia,Inalámbrico,1120.0,0,0.21428571428571427,1.2738853503184715,0
C10299,43,13,84.1,0,0,4.8,Bianual,Transferencia,Inalámbrico,1093.3,0,0.0,17.520833333333332,0
C10300,60,31,57.59,0,1,29.6,Mensual,Efectivo,Fibra,1785.29,0,0.0,1.945608108108108,0
C10301,21,42,59.54,0,0,16.1,Anual,Transferencia,Fibra,2500.68,0,0.0,3.6981366459627325,0
C10302,49,33,36.6,2,0,12.8,Anual,Tarjeta,Fibra,1207.8,0,0.7272727272727273,2.859375,0
C10303,35,25,46.98,4,1,8.3,Mensual,Transferencia,Cable,1174.5,0,1.92,5.660240963855421,0
C10304,38,27,44.66,4,3,10.5,Anual,Transferencia,Fibra,1205.82,1,1.7777777777777777,4.253333333333333,0
C10305,26,34,74.03,3,4,14.3,Anual,Transferencia,Fibra,2517.02,1,1.0588235294117647,5.176923076923077,0
C10306,35,12,45.26,0,2,20.1,Mensual,Tarjeta,Inalámbrico,543.12,0,0.0,2.251741293532338,0
C10307,55,23,70.02,1,2,12.3,Mensual,Tarjeta,Inalámbrico,1610.46,1,0.5217391304347826,5.692682926829268,0
C10308,46,84,46.82,1,1,23.5,Mensual,Transferencia,Cable,3932.88,0,0.14285714285714285,1.9923404255319148,0
C10309,60,31,53.01,1,0,20.0,Anual,Tarjeta,Fibra,1643.31,0,0.3870967741935484,2.6505,0
C10310,53,25,54.51,2,3,39.8,Mensual,Efectivo,Fibra,1362.75,0,0.96,1.3695979899497488,0
C10311,44,18,75.38,0,0,8.4,Mensual,Transferencia,Fibra,1356.84,0,0.0,8.973809523809523,0
C10312,60,13,31.45,3,2,23.3,Mensual,Tarjeta,Cable,408.85,1,2.7692307692307696,1.3497854077253217,0
C10313,44,28,36.39,1,1,23.4,Anual,Efectivo,Cable,1018.92,0,0.42857142857142855,1.5551282051282052,0
C10314,49,29,28.06,2,2,13.8,Anual,Transferencia,Fibra,813.74,0,0.8275862068965518,2.033333333333333,0
C10315,35,22,37.74,2,3,22.8,Mensual,Tarjeta,Inalámbrico,830.28,1,1.090909090909091,1.6552631578947368,0
C10316,40,84,43.03,1,4,28.2,Mensual,Débito automático,Fibra,3614.52,0,0.14285714285714285,1.5258865248226952,0
C10317,31,13,28.91,0,1,22.8,Mensual,Transferencia,Cable,375.83,0,0.0,1.2679824561403508,0
C10318,51,11,46.72,0,2,33.1,Mensual,Débito automático,Fibra,513.92,0,0.0,1.4114803625377643,0
C10319,25,18,21.53,1,5,4.6,Anual,Tarjeta,Fibra,387.54,0,0.6666666666666666,4.680434782608696,0
C10320,48,23,41.77,4,1,15.3,Mensual,Débito automático,Fibra,960.71,0,2.0869565217391304,2.7300653594771243,0
C10321,37,12,72.52,0,0,33.8,Anual,Débito automático,Cable,870.24,0,0.0,2.145562130177515,0
C10322,53,28,64.24,3,3,29.3,Anual,Tarjeta,Fibra,1798.72,0,1.2857142857142856,2.1924914675767915,0
C10323,48,30,59.85,1,2,26.3,Bianual,Transferencia,Fibra,1795.5,0,0.4,2.2756653992395437,0
C10324,61,37,44.99,2,1,31.9,Mensual,Efectivo,Cable,1664.63,0,0.6486486486486486,1.410344827586207,0
C10325,48,16,34.0,1,2,6.7,Mensual,Transferencia,Cable,544.0,1,0.75,5.074626865671641,0
C10326,20,53,33.51,0,1,28.4,Mensual,Transferencia,Cable,1776.03,0,0.0,1.1799295774647887,0
C10327,38,35,54.09,2,1,30.5,Bianual,Débito automático,Cable,1893.15,0,0.6857142857142857,1.7734426229508198,0
C10328,25,13,64.77,2,1,16.7,Anual,Efectivo,Cable,842.01,0,1.8461538461538463,3.878443113772455,0
C10329,33,12,67.13,0,1,43.0,Anual,Débito automático,Cable,805.56,1,0.0,1.5611627906976744,0
C10330,57,19,68.57,1,0,23.6,Anual,Débito automático,Fibra,1302.83,0,0.6315789473684211,2.905508474576271,0
C10331,47,30,45.75,4,0,4.5,Mensual,Débito automático,Fibra,1372.5,0,1.6,10.166666666666666,0
C10332,31,33,53.5,2,1,25.1,Anual,Efectivo,Fibra,1765.5,0,0.7272727272727273,2.1314741035856573,0
C10333,27,35,47.39,1,0,16.2,Anual,Efectivo,Fibra,1658.65,0,0.34285714285714286,2.9253086419753087,0
C10334,39,80,51.95,2,1,31.3,Mensual,Débito automático,Fibra,4156.0,0,0.3,1.659744408945687,0
C10335,24,5,82.08,1,3,26.4,Bianual,Efectivo,Fibra,410.4,0,2.4,3.1090909090909093,1
C10336,31,22,26.7,4,0,17.2,Bianual,Tarjeta,Fibra,587.4,0,2.181818181818182,1.552325581395349,0
C10337,43,76,52.37,3,2,34.0,Bianual,Transferencia,Cable,3980.12,0,0.4736842105263158,1.5402941176470588,0
C10338,53,38,76.37,0,3,29.5,Anual,Tarjeta,Cable,2902.06,0,0.0,2.588813559322034,0
C10339,46,10,34.59,1,0,15.4,Mensual,Débito automático,Cable,345.9,0,1.2,2.246103896103896,0
C10340,18,27,40.48,4,3,20.8,Anual,Efectivo,Inalámbrico,1092.96,1,1.7777777777777777,1.946153846153846,0
C10341,43,21,47.95,1,2,26.1,Mensual,Transferencia,Fibra,1006.95,1,0.5714285714285714,1.8371647509578544,0
C10342,40,20,51.85,1,3,19.1,Anual,Tarjeta,Fibra,1037.0,0,0.6,2.7146596858638743,0
C10343,44,16,32.18,1,0,19.3,Mensual,Transferencia,Fibra,514.88,0,0.75,1.6673575129533678,0
C10344,58,25,68.27,1,2,22.3,Bianual,Transferencia,Cable,1706.75,0,0.48,3.0614349775784753,0
C10345,18,47,60.13,1,1,13.5,Mensual,Efectivo,Fibra,2826.11,1,0.25531914893617025,4.454074074074074,0
C10346,32,17,60.99,2,1,4.1,Mensual,Efectivo,Inalámbrico,1036.83,1,1.4117647058823528,14.875609756097562,0
C10347,46,35,43.52,0,3,23.9,Mensual,Transferencia,Fibra,1523.2,0,0.0,1.8209205020920505,0
C10348,20,40,51.9,4,1,6.1,Anual,Tarjeta,Fibra,2076.0,0,1.2,8.508196721311476,0
C10349,57,53,45.62,3,3,14.1,Mensual,Transferencia,Cable,2417.86,0,0.6792452830188679,3.2354609929078015,0
C10350,43,12,50.9,2,0,7.8,Mensual,Transferencia,Fibra,610.8,0,2.0,6.5256410256410255,0
C10351,49,24,89.57,4,4,8.8,Mensual,Débito automático,Cable,2149.68,1,2.0,10.178409090909089,0
C10352,32,14,54.8,2,1,25.4,Mensual,Débito automático,Cable,767.2,1,1.7142857142857142,2.15748031496063,0
C10353,49,25,39.46,2,2,20.2,Bianual,Efectivo,Cable,986.5,0,0.96,1.9534653465346536,0
C10354,52,25,60.67,1,1,19.9,Mensual,Tarjeta,Cable,1516.75,0,0.48,3.048743718592965,0
C10355,42,10,,1,3,11.5,Mensual,Tarjeta,Fibra,353.8,0,1.2,,0
C10356,42,26,37.67,1,1,16.8,Mensual,Débito automático,Fibra,979.42,0,0.46153846153846156,2.2422619047619046,0
C10357,42,83,40.04,0,0,25.0,Mensual,Débito automático,Cable,3323.32,0,0.0,1.6016,0
C10358,29,33,46.01,3,1,21.6,Mensual,Tarjeta,Fibra,1518.33,0,1.0909090909090908,2.130092592592592,0
C10359,37,8,68.56,3,1,28.6,Mensual,Efectivo,Fibra,548.48,1,4.5,2.397202797202797,0
C10360,37,11,63.19,3,1,29.7,Mensual,Transferencia,Fibra,695.09,0,3.272727272727273,2.1276094276094275,0
C10361,44,23,63.96,6,0,20.0,Mensual,Tarjeta,Cable,1471.08,1,3.1304347826086953,3.198,0
C10362,51,11,41.25,0,1,7.2,Mensual,Débito automático,Fibra,453.75,0,0.0,5.729166666666667,0
C10363,26,51,43.86,2,1,15.9,Anual,Débito automático,Inalámbrico,2236.86,0,0.47058823529411764,2.758490566037736,0
C10364,37,7,58.59,4,0,21.2,Mensual,Débito automático,Fibra,410.13,1,6.857142857142857,2.763679245283019,0
C10365,57,33,49.69,1,0,15.8,Anual,Tarjeta,Fibra,1639.77,0,0.36363636363636365,3.1449367088607594,0
C10366,30,6,48.72,3,0,,Anual,Transferencia,Fibra,292.32,0,6.0,,1
C10367,29,23,59.29,1,1,22.6,Bianual,Débito automático,Fibra,1363.67,0,0.5217391304347826,2.623451327433628,0
C10368,41,10,50.2,0,1,41.4,Mensual,Efectivo,Fibra,502.0,0,0.0,1.21256038647343,0
C10369,49,37,96.8125,3,2,18.1,Anual,Transferencia,Cable,2244.42,0,0.9729729729729729,5.348756906077347,0
C10370,39,46,78.86,2,1,22.0,Bianual,Transferencia,Fibra,3627.56,0,0.5217391304347826,3.5845454545454545,0
C10371,55,30,56.07,0,1,11.5,Bianual,Tarjeta,Fibra,1682.1,0,0.0,4.875652173913044,0
C10372,49,47,74.96,1,0,31.9,Anual,Efectivo,Fibra,3523.12,0,0.25531914893617025,2.349843260188088,0
C10373,49,2,65.66,1,1,29.0,Mensual,Débito automático,Fibra,131.32,1,4.0,2.2641379310344827,1
C10374,46,26,34.57,2,3,28.4,Bianual,Tarjeta,Inalámbrico,898.82,0,0.9230769230769231,1.2172535211267606,0
C10375,67,33,44.88,4,1,32.9,Anual,Tarjeta,Fibra,1481.04,0,1.4545454545454546,1.3641337386018237,0
C10376,37,35,42.01,3,4,18.6,Mensual,Transferencia,Cable,1470.35,1,1.0285714285714287,2.258602150537634,0
C10377,18,31,37.32,1,1,19.6,Mensual,Transferencia,Fibra,1156.92,0,0.3870967741935484,1.9040816326530612,0
C10378,58,36,57.99,3,1,35.7,Bianual,Transferencia,Fibra,2087.64,0,1.0,1.6243697478991597,0
C10379,34,26,63.04,0,0,27.1,Mensual,Tarjeta,Inalámbrico,1639.04,1,0.0,2.32619926199262,0
C10380,40,8,74.03,0,1,4.2,Anual,Efectivo,Fibra,592.24,0,0.0,17.626190476190477,0
C10381,55,16,63.27,3,1,25.6,Mensual,Tarjeta,Inalámbrico,1012.32,1,2.25,2.471484375,0
C10382,20,51,43.91,2,2,17.3,Anual,Efectivo,Fibra,2239.41,0,0.47058823529411764,2.5381502890173406,0
C10383,24,48,20.29,2,3,29.2,Mensual,Transferencia,Fibra,973.92,0,0.5,0.6948630136986301,0
C10384,20,32,51.66,1,2,25.3,Anual,Transferencia,Inalámbrico,1653.12,1,0.375,2.041897233201581,0
C10385,29,37,53.06,1,1,8.1,Mensual,Transferencia,Fibra,1963.22,0,0.3243243243243243,6.550617283950618,0
C10386,44,44,58.86,0,1,24.2,Bianual,Efectivo,Inalámbrico,2589.84,0,0.0,2.4322314049586775,0
C10387,45,32,87.94,1,1,,Mensual,Transferencia,Inalámbrico,2814.08,1,0.375,,0
C10388,42,50,74.27,0,1,24.9,Mensual,Transferencia,Fibra,3713.5,0,0.0,2.982730923694779,0
C10389,22,49,62.84,1,1,26.6,Mensual,Transferencia,Fibra,3079.16,0,0.2448979591836735,2.362406015037594,0
C10390,18,84,35.71,2,2,34.0,Mensual,Transferencia,Cable,2999.64,0,0.2857142857142857,1.0502941176470588,0
C10391,40,16,47.51,1,1,25.3,Bianual,Transferencia,Fibra,760.16,0,0.75,1.8778656126482212,0
C10392,33,16,52.17,2,1,22.2,Mensual,Transferencia,Cable,834.72,0,1.5,2.35,0
C10393,45,30,44.72,3,1,31.2,Mensual,Transferencia,Fibra,1341.6,0,1.2,1.4333333333333333,0
C10394,47,73,64.32,2,0,39.9,Anual,Tarjeta,Fibra,4695.36,0,0.32876712328767127,1.6120300751879697,0
C10395,41,53,60.78,3,1,29.3,Mensual,Efectivo,Cable,3221.34,0,0.6792452830188679,2.0744027303754264,0
C10396,48,40,40.72,3,0,23.6,Mensual,Tarjeta,Cable,1628.8,0,0.8999999999999999,1.7254237288135592,0
C10397,42,55,73.61,3,0,25.5,Anual,Débito automático,Cable,4048.55,0,0.6545454545454545,2.8866666666666667,0
C10398,45,33,57.88,3,5,24.0,Mensual,Efectivo,Cable,1910.04,1,1.0909090909090908,2.4116666666666666,0
C10399,31,19,27.19,3,0,22.1,Anual,Tarjeta,Fibra,516.61,0,1.8947368421052633,1.230316742081448,0
C10400,37,84,53.74,1,0,39.3,Anual,Efectivo,Fibra,4514.16,0,0.14285714285714285,1.3674300254452927,0
C10401,41,31,59.65,3,0,16.0,Mensual,Transferencia,Fibra,1849.15,0,1.161290322580645,3.728125,0
C10402,49,48,71.86,2,1,31.2,Anual,Débito automático,Fibra,3449.28,0,0.5,2.3032051282051285,0
C10403,34,2,48.76,1,0,21.0,Bianual,Débito automático,Fibra,97.52,0,4.0,2.321904761904762,1
C10404,45,2,68.77,3,1,10.2,Mensual,Débito automático,Cable,137.54,1,12.0,6.742156862745098,1
C10405,36,27,57.09,2,0,20.5,Anual,Transferencia,Fibra,1541.43,0,0.8888888888888888,2.784878048780488,0
C10406,38,11,35.01,0,0,17.6,Mensual,Débito automático,Fibra,385.11,0,0.0,1.9892045454545453,0
C10407,49,28,36.04,0,1,26.6,Mensual,Efectivo,Cable,1009.12,0,0.0,1.3548872180451126,0
C10408,18,16,66.98,3,0,22.7,Anual,Débito automático,Fibra,1071.68,0,2.25,2.9506607929515423,0
C10409,23,84,69.23,1,0,13.8,Mensual,Tarjeta,Inalámbrico,5815.32,0,0.14285714285714285,5.016666666666667,0
C10410,21,46,55.67,1,1,33.8,Mensual,Débito automático,Fibra,2560.82,0,0.2608695652173913,1.6470414201183434,0
C10411,18,58,72.58,1,0,30.7,Mensual,Efectivo,Fibra,4209.64,0,0.20689655172413796,2.3641693811074918,0
C10412,31,3,68.98,3,2,34.7,Anual,Tarjeta,Inalámbrico,206.94,0,12.0,1.9878962536023055,1
C10413,48,40,67.29,3,0,23.9,Anual,Débito automático,Cable,2691.6,0,0.8999999999999999,2.8154811715481176,0
C10414,36,21,40.61,3,0,21.7,Mensual,Efectivo,Cable,852.81,0,1.7142857142857142,1.8714285714285714,0
C10415,41,59,81.4,0,1,27.6,Mensual,Débito automático,Fibra,4802.6,0,0.0,2.949275362318841,0
C10416,52,36,66.0,1,3,17.4,Bianual,Tarjeta,Fibra,2376.0,0,0.3333333333333333,3.7931034482758625,0
C10417,55,23,52.86,1,3,23.0,Mensual,Transferencia,Cable,1215.78,1,0.5217391304347826,2.2982608695652176,0
C10418,38,9,44.72,1,3,20.6,Mensual,Efectivo,Fibra,402.48,0,1.3333333333333333,2.1708737864077667,0
C10419,55,26,62.5,2,1,10.3,Mensual,Tarjeta,Cable,1625.0,0,0.9230769230769231,6.067961165048543,0
C10420,40,50,30.13,3,3,23.0,Anual,Efectivo,Fibra,1506.5,0,0.72,1.31,0
C10421,29,61,63.17,0,0,18.5,Mensual,Efectivo,Fibra,3853.37,0,0.0,3.4145945945945946,0
C10422,32,18,39.06,0,2,20.1,Anual,Tarjeta,Fibra,703.08,0,0.0,1.9432835820895522,0
C10423,21,84,56.39,3,2,24.9,Anual,Efectivo,Cable,4736.76,0,0.42857142857142855,2.264658634538153,0
C10424,28,48,44.62,2,0,32.2,Mensual,Tarjeta,Fibra,2141.76,0,0.5,1.3857142857142855,0
C10425,35,12,50.08,1,1,15.2,Anual,,Inalámbrico,600.96,0,1.0,3.294736842105263,0
C10426,49,10,45.92,3,0,19.3,Mensual,Débito automático,Fibra,459.2,1,3.5999999999999996,2.3792746113989636,0
C10427,60,22,57.38,3,2,15.9,Mensual,Transferencia,Fibra,1262.36,0,1.6363636363636365,3.6088050314465407,0
C10428,22,18,79.4,2,1,15.4,Anual,Transferencia,Fibra,1429.2,1,1.3333333333333333,5.155844155844156,0
C10429,44,33,76.9,1,0,17.2,Mensual,Transferencia,Cable,2537.7,0,0.36363636363636365,4.47093023255814,0
C10430,27,24,57.53,1,0,20.4,Bianual,Transferencia,Cable,1380.72,0,0.5,2.8200980392156865,0
C10431,45,19,55.97,1,0,26.7,Anual,Débito automático,Fibra,1063.43,0,0.6315789473684211,2.09625468164794,0
C10432,37,6,67.17,1,1,24.6,Mensual,Tarjeta,Fibra,403.02,1,2.0,2.7304878048780488,1
C10433,18,37,67.09,0,1,13.5,Bianual,Transferencia,Cable,2482.33,1,0.0,4.96962962962963,0
C10434,50,6,45.05,0,0,32.4,Mensual,Tarjeta,Fibra,270.3,1,0.0,1.3904320987654322,1
C10435,32,48,52.2,3,0,29.6,Mensual,Efectivo,Cable,2505.6,0,0.75,1.7635135135135136,0
C10436,33,4,26.26,1,1,14.8,Mensual,Débito automático,Cable,105.04,1,3.0,1.7743243243243243,1
C10437,26,5,68.83,1,1,31.8,Bianual,,Fibra,344.15,0,2.4,2.1644654088050315,1
C10438,31,12,84.11,4,2,24.6,Mensual,Tarjeta,Cable,1009.32,1,4.0,3.4191056910569104,0
C10439,44,17,57.32,0,0,20.7,Mensual,Tarjeta,Cable,974.44,0,0.0,2.7690821256038647,0
C10440,37,14,22.63,0,0,24.9,Mensual,Tarjeta,Fibra,316.82,0,0.0,0.9088353413654618,0
C10441,43,17,65.02,4,0,21.8,Mensual,Transferencia,Fibra,1105.34,0,2.8235294117647056,2.982568807339449,0
C10442,43,29,42.33,3,2,26.4,Mensual,Efectivo,Fibra,1227.57,1,1.2413793103448276,1.603409090909091,0
C10443,55,12,48.7,0,1,23.5,Anual,Transferencia,Cable,584.4,0,0.0,2.072340425531915,0
C10444,35,29,63.45,2,1,19.3,Bianual,Tarjeta,Cable,1840.05,0,0.8275862068965518,3.2875647668393784,0
C10445,21,2,54.65,1,1,5.8,Anual,Efectivo,Fibra,109.3,1,4.0,9.422413793103448,1
C10446,52,11,50.64,1,0,26.2,Mensual,Débito automático,Fibra,557.04,0,1.090909090909091,1.932824427480916,0
C10447,35,5,44.31,0,0,19.0,Mensual,Transferencia,Fibra,221.55,0,0.0,2.332105263157895,1
C10448,52,48,59.85,2,3,28.2,Mensual,Tarjeta,Fibra,2872.8,0,0.5,2.122340425531915,0
C10449,44,13,49.98,0,1,25.9,Mensual,Efectivo,Fibra,649.74,0,0.0,1.9297297297297298,0
C10450,37,36,37.87,1,3,19.2,Anual,Tarjeta,Fibra,1363.32,1,0.3333333333333333,1.9723958333333333,0
C10451,43,4,50.9,0,2,30.2,Mensual,Débito automático,Fibra,203.6,0,0.0,1.685430463576159,1
C10452,62,60,65.35,1,1,23.6,Anual,Débito automático,Cable,3921.0,0,0.2,2.769067796610169,0
C10453,64,25,58.05,3,1,23.3,Mensual,Débito automático,Cable,1451.25,0,1.44,2.4914163090128754,0
C10454,40,23,34.0,3,2,20.9,Anual,Tarjeta,Fibra,782.0,1,1.5652173913043477,1.6267942583732058,0
C10455,41,6,70.27,1,1,35.5,Bianual,Tarjeta,Cable,421.62,1,2.0,1.9794366197183098,1
C10456,52,10,20.0,1,1,16.3,Anual,Débito automático,Fibra,200.0,0,1.2,1.2269938650306749,0
C10457,29,20,45.97,3,1,19.4,Bianual,Transferencia,Fibra,919.4,0,1.7999999999999998,2.3695876288659794,0
C10458,43,11,46.59,2,0,12.1,Anual,Transferencia,Inalámbrico,512.49,0,2.181818181818182,3.8504132231404964,0
C10459,39,45,57.19,3,1,27.8,Anual,Transferencia,Cable,2573.55,0,0.8,2.0571942446043163,0
C10460,43,25,64.31,2,0,17.3,Mensual,Tarjeta,Fibra,1607.75,1,0.96,3.717341040462428,0
C10461,29,11,69.57,0,1,18.2,Mensual,Efectivo,Fibra,765.27,0,0.0,3.8225274725274723,0
C10462,20,40,39.91,1,0,17.9,Bianual,Débito automático,Cable,1596.4,0,0.3,2.229608938547486,0
C10463,18,18,58.94,2,2,22.5,Mensual,Efectivo,Fibra,1060.92,1,1.3333333333333333,2.6195555555555554,0
C10464,26,39,54.92,1,0,12.0,Bianual,Transferencia,Inalámbrico,2141.88,0,0.3076923076923077,4.576666666666667,0
C10465,33,16,27.92,5,0,4.1,Mensual,Débito automático,Fibra,446.72,0,3.75,6.809756097560976,0
C10466,35,34,82.56,0,0,25.7,Anual,Efectivo,Fibra,2807.04,0,0.0,3.2124513618677044,0
C10467,62,17,38.68,1,2,5.1,Mensual,Tarjeta,Cable,657.56,1,0.7058823529411764,7.584313725490197,0
C10468,52,45,64.25,1,0,28.8,Bianual,Efectivo,Cable,2891.25,0,0.26666666666666666,2.2309027777777777,0
C10469,27,4,58.06,4,0,34.5,Mensual,Tarjeta,Fibra,232.24,0,12.0,1.6828985507246377,1
C10470,43,8,60.02,0,0,20.7,Mensual,Tarjeta,Inalámbrico,480.16,0,0.0,2.8995169082125605,0
C10471,34,21,46.4,2,1,32.4,Bianual,Efectivo,Inalámbrico,974.4,0,1.1428571428571428,1.4320987654320987,0
C10472,36,14,66.69,2,0,21.8,Mensual,Tarjeta,Fibra,933.66,0,1.7142857142857142,3.0591743119266055,0
C10473,41,17,32.02,1,1,34.8,Mensual,Tarjeta,Fibra,544.34,0,0.7058823529411764,0.9201149425287358,0
C10474,46,37,55.59,5,0,18.4,Bianual,Efectivo,Fibra,2056.83,0,1.6216216216216215,3.0211956521739136,0
C10475,35,17,45.59,2,1,3.1,Anual,Tarjeta,Cable,775.03,0,1.4117647058823528,14.706451612903226,0
C10476,52,30,47.8,0,0,21.4,Mensual,Transferencia,Cable,1434.0,0,0.0,2.2336448598130842,0
C10477,25,11,58.18,2,1,35.7,Anual,Tarjeta,Fibra,639.98,0,2.181818181818182,1.6296918767507,0
C10478,39,3,71.13,1,0,26.3,Mensual,Efectivo,Inalámbrico,213.39,1,4.0,2.7045627376425854,1
C10479,70,39,56.95,2,1,17.9,Mensual,Débito automático,Fibra,2221.05,0,0.6153846153846154,3.181564245810056,0
C10480,42,69,67.37,2,3,24.6,Anual,Tarjeta,Cable,4648.53,0,0.34782608695652173,2.738617886178862,0
C10481,56,27,59.63,2,1,29.8,Mensual,Débito automático,Inalámbrico,1610.01,0,0.8888888888888888,2.001006711409396,0
C10482,40,22,41.81,1,0,21.3,Mensual,Tarjeta,Fibra,919.82,0,0.5454545454545455,1.9629107981220657,0
C10483,46,25,52.71,4,1,43.0,Mensual,Transferencia,Fibra,1317.75,0,1.92,1.225813953488372,0
C10484,38,55,50.25,2,4,17.9,Bianual,Transferencia,Fibra,2763.75,0,0.4363636363636364,2.8072625698324023,0
C10485,37,28,44.06,0,4,30.0,Anual,Tarjeta,Inalámbrico,1233.68,0,0.0,1.4686666666666668,0
C10486,30,40,59.33,0,1,28.1,Mensual,Tarjeta,Fibra,2373.2,0,0.0,2.1113879003558718,0
C10487,44,39,59.64,0,1,16.4,Bianual,Efectivo,Inalámbrico,2325.96,0,0.0,3.636585365853659,0
C10488,29,47,28.81,3,0,18.6,Anual,Débito automático,Fibra,1354.07,0,0.7659574468085106,1.5489247311827956,0
C10489,47,22,32.04,3,1,30.1,Mensual,Débito automático,Fibra,704.88,0,1.6363636363636365,1.0644518272425247,0
C10490,52,16,64.33,1,1,23.2,Bianual,Débito automático,Inalámbrico,1029.28,0,0.75,2.7728448275862068,0
C10491,43,34,43.66,2,0,24.7,Mensual,Transferencia,Fibra,1484.44,0,0.7058823529411764,1.7676113360323886,0
C10492,36,45,58.81,2,0,8.9,Mensual,Tarjeta,Cable,2646.45,0,0.5333333333333333,6.607865168539326,0
C10493,44,51,67.83,4,1,27.2,Mensual,Tarjeta,Fibra,3459.33,0,0.9411764705882353,2.49375,0
C10494,35,60,34.99,1,1,24.3,Mensual,Transferencia,Fibra,2099.4,0,0.2,1.439917695473251,0
C10495,50,42,36.33,4,1,21.5,Anual,Débito automático,Fibra,1525.86,0,1.1428571428571428,1.6897674418604651,0
C10496,18,15,75.26,1,2,24.9,Anual,Tarjeta,Fibra,1128.9,0,0.8,3.022489959839358,0
C10497,35,27,59.32,0,1,18.7,Bianual,Tarjeta,Cable,1601.64,1,0.0,3.172192513368984,0
C10498,18,26,43.85,1,0,17.3,Mensual,Transferencia,Fibra,1140.1,0,0.46153846153846156,2.5346820809248554,0
C10499,21,24,36.82,0,4,20.1,Mensual,Débito automático,Fibra,883.68,0,0.0,1.8318407960199004,0
C10500,55,34,50.99,1,1,18.3,Mensual,Transferencia,Fibra,1733.66,1,0.3529411764705882,2.786338797814208,0
C10501,50,20,39.64,3,0,39.4,Mensual,Efectivo,Cable,792.8,0,1.7999999999999998,1.0060913705583756,0
C10502,30,20,66.15,0,0,29.3,Bianual,Transferencia,Cable,1323.0,0,0.0,2.257679180887372,0
C10503,21,72,39.18,0,1,14.3,Anual,Transferencia,Cable,2820.96,0,0.0,2.7398601398601397,0
C10504,18,22,66.54,1,0,38.3,Anual,Transferencia,Inalámbrico,1463.88,0,0.5454545454545455,1.7373368146214103,0
C10505,32,47,47.35,2,1,18.5,Anual,Efectivo,Fibra,2225.45,0,0.5106382978723405,2.5594594594594597,0
C10506,68,49,45.99,1,0,22.2,Mensual,Efectivo,Fibra,2253.51,0,0.2448979591836735,2.0716216216216217,0
C10507,44,28,49.73,2,0,29.2,Mensual,Transferencia,Cable,1392.44,0,0.8571428571428571,1.7030821917808219,0
C10508,32,21,20.0,3,2,6.2,Mensual,Tarjeta,Fibra,420.0,0,1.7142857142857142,3.225806451612903,0
C10509,45,12,54.54,1,0,20.1,Anual,Tarjeta,Cable,654.48,0,1.0,2.7134328358208952,0
C10510,20,5,48.05,0,2,17.4,Mensual,Tarjeta,Cable,240.25,0,0.0,2.7614942528735633,1
C10511,35,36,66.42,0,1,23.6,Mensual,Tarjeta,Fibra,2391.12,1,0.0,2.814406779661017,0
C10512,40,31,26.91,2,0,25.0,Anual,Tarjeta,Inalámbrico,834.21,0,0.7741935483870968,1.0764,0
C10513,38,39,72.17,1,1,21.4,Mensual,Efectivo,Fibra,2814.63,1,0.3076923076923077,3.3724299065420564,0
C10514,48,16,69.35,2,2,21.0,Mensual,Débito automático,Cable,1109.6,0,1.5,3.302380952380952,0
C10515,43,77,74.67,4,0,30.5,Mensual,Efectivo,Fibra,5749.59,0,0.6233766233766234,2.4481967213114753,0
C10516,47,33,56.02,1,3,24.4,Mensual,Efectivo,Cable,1848.66,1,0.36363636363636365,2.2959016393442626,0
C10517,31,22,68.34,1,2,22.3,Mensual,Débito automático,Fibra,1503.48,1,0.5454545454545455,3.06457399103139,0
C10518,50,3,35.43,5,3,23.2,Bianual,Débito automático,Inalámbrico,106.29,0,20.0,1.527155172413793,1
C10519,59,18,70.27,1,1,36.7,Anual,Tarjeta,Inalámbrico,1264.86,0,0.6666666666666666,1.9147138964577655,0
C10520,27,41,40.64,2,1,,Mensual,Tarjeta,Cable,1666.24,0,0.5853658536585367,,0
C10521,28,59,27.67,0,0,17.9,Anual,Tarjeta,Cable,1632.53,0,0.0,1.545810055865922,0
C10522,55,24,41.79,1,1,6.7,Anual,Débito automático,Cable,1002.96,1,0.5,6.237313432835821,0
C10523,37,65,,1,1,10.5,Anual,Tarjeta,Cable,3548.35,0,0.1846153846153846,,0
C10524,56,11,46.52,2,1,18.3,Bianual,Transferencia,Cable,511.72,0,2.181818181818182,2.5420765027322405,0
C10525,34,32,59.46,0,1,21.1,Anual,Transferencia,Cable,1902.72,0,0.0,2.8180094786729857,0
C10526,56,32,31.76,3,1,17.6,Mensual,Efectivo,Inalámbrico,1016.32,1,1.125,1.8045454545454545,0
C10527,41,36,23.52,5,0,24.8,Mensual,Transferencia,Cable,846.72,1,1.6666666666666667,0.9483870967741935,0
C10528,42,27,76.25,2,1,17.5,Mensual,Débito automático,Fibra,2058.75,0,0.8888888888888888,4.357142857142857,0
C10529,58,31,72.9,7,0,14.7,Mensual,Transferencia,Inalámbrico,2259.9,1,2.7096774193548385,4.959183673469388,0
C10530,35,11,38.31,3,1,26.9,Bianual,Débito automático,Fibra,421.41,0,3.272727272727273,1.4241635687732344,0
C10531,28,55,52.4,2,1,33.0,Anual,Tarjeta,Fibra,2882.0,0,0.4363636363636364,1.587878787878788,0
C10532,34,44,69.11,2,4,13.1,Mensual,Débito automático,Inalámbrico,3040.84,0,0.5454545454545455,5.27557251908397,0
C10533,44,30,62.41,3,3,23.9,Bianual,Transferencia,Fibra,1872.3,1,1.2,2.611297071129707,0
C10534,20,45,52.82,0,0,6.8,Anual,Tarjeta,Fibra,2376.9,0,0.0,7.767647058823529,0
C10535,47,56,73.24,0,1,10.2,Mensual,Débito automático,Cable,4101.44,0,0.0,7.180392156862745,0
C10536,33,36,42.63,1,1,17.3,Bianual,Débito automático,Inalámbrico,1534.68,0,0.3333333333333333,2.4641618497109827,0
C10537,53,82,58.66,2,1,31.1,Mensual,Débito automático,Fibra,4810.12,0,0.29268292682926833,1.8861736334405144,0
C10538,18,38,49.87,4,0,15.8,Mensual,Débito automático,Fibra,1895.06,0,1.2631578947368423,3.15632911392405,0
C10539,30,12,48.81,0,0,15.5,Mensual,Transferencia,Fibra,585.72,0,0.0,3.1490322580645165,0
C10540,19,29,44.52,0,3,22.3,Bianual,Tarjeta,Fibra,1291.08,0,0.0,1.9964125560538117,0
C10541,29,46,53.76,3,2,22.3,Mensual,Tarjeta,Fibra,2472.96,1,0.7826086956521738,2.4107623318385647,0
C10542,42,56,56.18,0,2,15.7,Mensual,Débito automático,Fibra,3146.08,0,0.0,3.5783439490445863,0
C10543,37,27,38.78,3,1,37.9,Anual,Débito automático,Inalámbrico,1047.06,0,1.3333333333333333,1.0232189973614776,0
C10544,36,11,66.31,1,0,19.9,Bianual,Débito automático,Cable,729.41,0,1.090909090909091,3.3321608040201007,0
C10545,37,20,39.86,1,2,22.9,Mensual,Débito automático,Inalámbrico,797.2,1,0.6,1.7406113537117904,0
C10546,41,8,52.16,2,0,18.8,Mensual,Efectivo,Inalámbrico,417.28,1,3.0,2.7744680851063825,0
C10547,27,40,47.78,1,1,25.5,Bianual,Tarjeta,Inalámbrico,1911.2,0,0.3,1.8737254901960785,0
C10548,47,18,62.18,1,0,31.9,Anual,Tarjeta,Cable,1119.24,0,0.6666666666666666,1.9492163009404389,0
C10549,47,14,25.02,2,2,35.3,Mensual,Transferencia,Fibra,350.28,0,1.7142857142857142,0.7087818696883853,0
C10550,44,43,69.48,3,1,15.9,Mensual,Efectivo,Inalámbrico,2987.64,0,0.8372093023255813,4.369811320754717,0
C10551,46,64,46.43,1,0,30.8,Mensual,Tarjeta,Cable,2971.52,0,0.1875,1.5074675324675324,0
C10552,43,14,74.19,2,2,26.4,Anual,Débito automático,Fibra,1038.66,1,1.7142857142857142,2.8102272727272726,0
C10553,63,27,53.32,3,0,29.8,Anual,Efectivo,Fibra,1439.64,0,1.3333333333333333,1.789261744966443,0
C10554,38,21,54.01,2,0,21.3,Anual,Tarjeta,Fibra,1134.21,1,1.1428571428571428,2.5356807511737087,0
C10555,35,58,82.76,1,0,20.5,Mensual,Débito automático,Fibra,4800.08,1,0.20689655172413796,4.037073170731707,0
C10556,30,23,48.74,7,0,29.5,Anual,Transferencia,Cable,1121.02,0,3.652173913043478,1.6522033898305086,0
C10557,27,11,70.79,3,0,29.6,Mensual,Efectivo,Fibra,778.69,0,3.272727272727273,2.3915540540540543,0
C10558,24,24,96.8125,1,1,,Bianual,Transferencia,Fibra,1250.64,0,0.5,,0
C10559,28,50,58.67,1,2,23.6,Mensual,Transferencia,Fibra,2933.5,0,0.24,2.486016949152542,0
C10560,38,20,55.79,1,2,21.1,Mensual,Tarjeta,Inalámbrico,1115.8,0,0.6,2.644075829383886,0
C10561,43,15,68.61,2,1,2.3,Mensual,Transferencia,Fibra,1029.15,1,1.6,29.830434782608698,0
C10562,40,22,44.92,0,0,,Mensual,,Fibra,988.24,0,0.0,,0
C10563,30,11,38.14,1,0,18.8,Mensual,Débito automático,Cable,419.54,0,1.090909090909091,2.0287234042553193,0
C10564,50,21,47.92,3,1,13.2,Anual,Débito automático,Inalámbrico,1006.32,1,1.7142857142857142,3.630303030303031,0
C10565,48,16,58.54,1,1,28.5,Bianual,Tarjeta,Cable,936.64,0,0.75,2.0540350877192983,0
C10566,37,84,51.2,1,1,11.5,Mensual,Débito automático,Cable,4300.8,0,0.14285714285714285,4.452173913043478,0
C10567,31,4,63.78,3,2,18.0,Mensual,Tarjeta,Fibra,255.12,1,9.0,3.5433333333333334,1
C10568,46,12,76.15,1,1,18.3,Mensual,Tarjeta,Inalámbrico,913.8,0,1.0,4.16120218579235,0
C10569,41,15,40.79,0,1,31.6,Anual,Efectivo,Cable,611.85,0,0.0,1.2908227848101266,0
C10570,22,11,40.05,3,1,17.1,Mensual,Débito automático,Cable,440.55,1,3.272727272727273,2.3421052631578942,0
C10571,38,32,33.2,1,0,25.6,Mensual,Débito automático,Fibra,1062.4,0,0.375,1.296875,0
C10572,42,14,86.12,0,0,,Mensual,Débito automático,Cable,1205.68,0,0.0,,0
C10573,28,7,57.01,2,0,29.2,Mensual,Tarjeta,Fibra,399.07,0,3.4285714285714284,1.9523972602739725,0
C10574,41,26,62.63,0,0,28.8,Anual,Tarjeta,Fibra,1628.38,0,0.0,2.1746527777777778,0
C10575,22,19,30.96,1,4,21.7,Mensual,Tarjeta,Cable,588.24,1,0.6315789473684211,1.4267281105990783,0
C10576,55,14,58.63,0,0,8.4,Mensual,Transferencia,Cable,820.82,0,0.0,6.979761904761904,0
C10577,54,57,66.06,2,1,20.1,Anual,Transferencia,Fibra,3765.42,0,0.42105263157894735,3.2865671641791043,0
C10578,36,33,50.49,2,3,21.8,Mensual,Tarjeta,Inalámbrico,1666.17,0,0.7272727272727273,2.31605504587156,0
C10579,43,30,72.03,2,1,24.3,Anual,Transferencia,Fibra,2160.9,0,0.8,2.9641975308641975,0
C10580,18,33,84.82,2,0,16.1,Mensual,Transferencia,Cable,2799.06,0,0.7272727272727273,5.268322981366459,0
C10581,25,32,37.54,5,0,31.1,Bianual,Efectivo,Fibra,1201.28,0,1.875,1.2070739549839227,0
C10582,35,20,38.72,3,0,22.1,Anual,Transferencia,Fibra,774.4,0,1.7999999999999998,1.7520361990950224,0
C10583,26,14,38.81,4,1,14.6,Mensual,Tarjeta,Inalámbrico,543.34,1,3.4285714285714284,2.658219178082192,0
C10584,48,26,,0,0,18.3,Bianual,Efectivo,Fibra,2109.38,0,0.0,,0
C10585,63,20,76.13,2,2,37.4,Mensual,Efectivo,Inalámbrico,1522.6,1,1.2,2.0355614973262033,0
C10586,25,4,49.72,2,1,27.3,Mensual,Tarjeta,Fibra,198.88,0,6.0,1.8212454212454212,1
C10587,29,10,53.22,1,1,30.4,Anual,Tarjeta,Cable,532.2,0,1.2,1.750657894736842,0
C10588,42,18,43.41,4,1,13.7,Anual,Débito automático,Fibra,781.38,0,2.6666666666666665,3.168613138686131,0
C10589,58,44,72.69,0,1,16.5,Mensual,Efectivo,Cable,3198.36,0,0.0,4.405454545454545,0
C10590,24,26,45.82,0,1,16.5,Mensual,Tarjeta,Inalámbrico,1191.32,0,0.0,2.776969696969697,0
C10591,42,12,51.76,3,0,23.5,Mensual,Transferencia,Cable,621.12,0,3.0,2.2025531914893617,0
C10592,61,9,69.16,1,2,20.6,Anual,Transferencia,Fibra,622.44,1,1.3333333333333333,3.357281553398058,0
C10593,19,50,47.55,2,0,18.1,Bianual,Tarjeta,Cable,2377.5,1,0.48,2.6270718232044197,0
C10594,24,21,48.0,1,2,19.1,Mensual,Tarjeta,Cable,1008.0,0,0.5714285714285714,2.513089005235602,0
C10595,34,1,53.98,4,0,15.6,Bianual,Débito automático,Fibra,53.98,0,16.0,3.46025641025641,1
C10596,33,22,65.52,1,1,20.6,Mensual,Transferencia,Cable,1441.44,0,0.5454545454545455,3.1805825242718444,0
C10597,49,38,81.97,1,0,30.9,Anual,Tarjeta,Cable,3114.86,0,0.31578947368421056,2.6527508090614886,0
C10598,42,9,64.44,3,1,9.9,Bianual,Débito automático,Cable,579.96,0,4.0,6.509090909090909,0
C10599,18,25,62.19,2,2,24.8,Anual,Transferencia,Fibra,1554.75,0,0.96,2.5076612903225803,0
C10600,45,26,53.35,1,3,33.0,Mensual,Efectivo,Fibra,1387.1,0,0.46153846153846156,1.6166666666666667,0
C10601,32,10,42.74,1,0,20.5,Mensual,Tarjeta,Inalámbrico,427.4,0,1.2,2.084878048780488,0
C10602,54,53,68.23,1,0,17.8,Mensual,Tarjeta,Cable,3616.19,0,0.22641509433962262,3.8331460674157305,0
C10603,31,27,55.7,3,1,29.4,Anual,Tarjeta,Cable,1503.9,1,1.3333333333333333,1.894557823129252,0
C10604,31,18,31.79,0,0,14.1,Bianual,Débito automático,Inalámbrico,572.22,0,0.0,2.2546099290780144,0
C10605,45,21,51.43,2,1,21.8,Mensual,Efectivo,Fibra,1080.03,0,1.1428571428571428,2.3591743119266053,0
C10606,48,8,55.8,1,3,13.7,Mensual,Débito automático,Fibra,446.4,1,1.5,4.072992700729927,0
C10607,44,8,48.46,3,2,7.0,Mensual,Tarjeta,Cable,387.68,1,4.5,6.922857142857143,0
C10608,19,17,72.6,2,2,20.8,Anual,Efectivo,Cable,1234.2,0,1.4117647058823528,3.490384615384615,0
C10609,45,17,63.55,2,0,11.9,Anual,Transferencia,Inalámbrico,1080.35,0,1.4117647058823528,5.340336134453781,0
C10610,27,20,72.81,1,1,21.9,Mensual,Efectivo,Cable,1456.2,1,0.6,3.3246575342465756,0
C10611,42,56,59.61,1,2,30.9,Anual,Transferencia,Fibra,3338.16,0,0.21428571428571427,1.9291262135922331,0
C10612,22,36,52.28,2,1,36.8,Mensual,Efectivo,Fibra,1882.08,1,0.6666666666666666,1.4206521739130435,0
C10613,44,5,42.07,2,0,22.7,Anual,Tarjeta,Fibra,210.35,0,4.8,1.8533039647577094,1
C10614,29,49,52.85,2,4,30.2,Mensual,Tarjeta,Inalámbrico,2589.65,1,0.489795918367347,1.75,0
C10615,24,17,51.72,2,1,25.2,Mensual,Débito automático,Fibra,879.24,0,1.4117647058823528,2.052380952380952,0
C10616,48,39,36.53,0,0,18.9,Anual,Tarjeta,Cable,1424.67,0,0.0,1.932804232804233,0
C10617,42,18,,1,1,6.6,Anual,Tarjeta,Fibra,856.26,0,0.6666666666666666,,0
C10618,32,26,48.51,1,1,35.0,Mensual,Débito automático,Fibra,1261.26,0,0.46153846153846156,1.386,0
C10619,56,9,65.08,1,3,13.6,Anual,Tarjeta,Fibra,585.72,1,1.3333333333333333,4.785294117647059,0
C10620,34,30,60.74,4,2,33.1,Mensual,Transferencia,Cable,1822.2,1,1.6,1.8350453172205439,0
C10621,39,42,46.25,2,1,26.3,Mensual,Débito automático,Fibra,1942.5,0,0.5714285714285714,1.758555133079848,0
C10622,42,6,62.69,2,2,14.2,Bianual,,Inalámbrico,376.14,0,4.0,4.414788732394366,1
C10623,32,42,50.63,1,1,24.5,Bianual,Tarjeta,Inalámbrico,2126.46,0,0.2857142857142857,2.066530612244898,0
C10624,45,14,20.0,0,1,39.1,Mensual,Transferencia,Fibra,280.0,0,0.0,0.5115089514066496,0
C10625,33,67,46.32,2,2,34.3,Bianual,Transferencia,Inalámbrico,3103.44,0,0.35820895522388063,1.3504373177842566,0
C10626,34,39,70.0,0,0,17.9,Anual,Transferencia,Fibra,2730.0,0,0.0,3.910614525139665,0
C10627,55,35,33.42,1,0,16.3,Mensual,Efectivo,Fibra,1169.7,0,0.34285714285714286,2.050306748466258,0
C10628,27,21,53.9,1,1,22.8,Mensual,Débito automático,Fibra,1131.9,0,0.5714285714285714,2.364035087719298,0
C10629,18,84,73.92,0,2,20.7,Mensual,Tarjeta,Cable,6209.28,0,0.0,3.5710144927536236,0
C10630,58,17,47.93,1,0,31.6,Anual,Tarjeta,Cable,814.81,0,0.7058823529411764,1.516772151898734,0
C10631,70,10,62.13,1,1,27.9,Bianual,Efectivo,Fibra,621.3,0,1.2,2.2268817204301077,0
C10632,34,14,34.26,4,1,8.5,Mensual,Transferencia,Cable,479.64,0,3.4285714285714284,4.030588235294117,0
C10633,18,46,74.55,0,1,25.7,Mensual,Débito automático,Cable,3429.3,0,0.0,2.9007782101167314,0
C10634,35,25,52.8,2,0,20.6,Mensual,Tarjeta,Cable,1320.0,1,0.96,2.5631067961165046,0
C10635,36,23,54.98,1,1,22.3,Mensual,Tarjeta,Cable,1264.54,0,0.5217391304347826,2.465470852017937,0
C10636,37,17,74.82,1,0,24.0,Anual,Efectivo,Cable,1271.94,0,0.7058823529411764,3.1174999999999997,0
C10637,26,22,61.9,3,1,31.6,Mensual,Débito automático,Cable,1361.8,0,1.6363636363636365,1.9588607594936707,0
C10638,46,16,43.45,0,0,29.8,Anual,Tarjeta,Fibra,695.2,0,0.0,1.4580536912751678,0
C10639,45,37,46.64,2,0,16.0,Mensual,Débito automático,Cable,1725.68,0,0.6486486486486486,2.915,0
C10640,21,20,58.25,0,0,21.5,Anual,Transferencia,Fibra,1165.0,0,0.0,2.7093023255813953,0
C10641,47,14,47.45,2,1,18.4,Anual,Tarjeta,Cable,664.3,0,1.7142857142857142,2.5788043478260874,0
C10642,64,44,28.96,4,2,8.5,Anual,Transferencia,Cable,1274.24,0,1.090909090909091,3.407058823529412,0
C10643,41,11,54.63,3,1,21.1,Mensual,Tarjeta,Fibra,600.93,0,3.272727272727273,2.5890995260663505,0
C10644,35,25,31.85,1,0,36.8,Anual,Efectivo,Fibra,796.25,0,0.48,0.8654891304347827,0
C10645,37,4,78.75,5,0,8.3,Anual,Tarjeta,Cable,315.0,1,15.0,9.487951807228916,1
C10646,46,7,59.23,3,1,21.8,Anual,Transferencia,Inalámbrico,414.61,1,5.142857142857142,2.71697247706422,0
C10647,18,18,36.56,3,2,21.6,Anual,Tarjeta,Inalámbrico,658.08,0,2.0,1.6925925925925926,0
C10648,41,16,44.95,1,0,24.3,Bianual,Débito automático,Cable,719.2,0,0.75,1.8497942386831276,0
C10649,34,16,25.48,0,0,14.3,Mensual,Débito automático,Fibra,407.68,1,0.0,1.7818181818181817,0
C10650,61,39,43.54,2,1,10.6,Mensual,,Fibra,1698.06,0,0.6153846153846154,4.107547169811321,0
C10651,37,41,69.75,0,2,11.0,Bianual,Transferencia,Cable,2859.75,1,0.0,6.340909090909091,0
C10652,59,29,93.05,0,0,32.6,Mensual,Débito automático,Fibra,2698.45,0,0.0,2.854294478527607,0
C10653,26,10,62.88,2,0,14.1,Bianual,Tarjeta,Cable,628.8,0,2.4,4.459574468085107,0
C10654,46,22,55.2,1,1,18.0,Anual,Débito automático,Fibra,1214.4,0,0.5454545454545455,3.066666666666667,0
C10655,43,73,49.41,1,5,38.8,Bianual,Transferencia,Fibra,3606.93,0,0.16438356164383564,1.2734536082474226,0
C10656,29,84,38.32,2,1,16.1,Anual,Débito automático,Cable,3218.88,0,0.2857142857142857,2.3801242236024844,0
C10657,41,44,86.33,1,1,24.7,Anual,Tarjeta,Cable,3798.52,0,0.27272727272727276,3.4951417004048584,0
C10658,54,10,55.59,2,1,30.5,Anual,Tarjeta,Cable,555.9,0,2.4,1.8226229508196723,0
C10659,35,22,85.78,4,1,30.1,Mensual,Transferencia,Fibra,1887.16,1,2.181818181818182,2.8498338870431894,0
C10660,19,28,71.27,3,1,11.3,Mensual,Tarjeta,Cable,1995.56,1,1.2857142857142856,6.307079646017699,0
C10661,39,25,28.86,0,1,16.3,Mensual,Tarjeta,Fibra,721.5,0,0.0,1.7705521472392638,0
C10662,28,47,42.45,1,0,24.4,Mensual,Débito automático,Cable,1995.15,0,0.25531914893617025,1.7397540983606559,0
C10663,35,38,44.01,1,1,37.4,Bianual,Tarjeta,Cable,1672.38,1,0.31578947368421056,1.1767379679144385,0
C10664,38,10,53.54,1,1,15.9,Mensual,Tarjeta,Fibra,535.4,0,1.2,3.3672955974842766,0
C10665,19,15,49.47,3,2,18.1,Anual,Tarjeta,Cable,742.05,0,2.4,2.733149171270718,0
C10666,20,44,95.54,0,0,25.4,Mensual,Transferencia,Cable,4203.76,0,0.0,3.761417322834646,0
C10667,45,57,40.19,1,1,27.0,Mensual,Transferencia,Cable,2290.83,1,0.21052631578947367,1.4885185185185184,0
C10668,33,28,57.02,1,3,27.4,Bianual,Tarjeta,Cable,1596.56,0,0.42857142857142855,2.0810218978102193,0
C10669,18,61,59.39,6,1,15.2,Mensual,Débito automático,Fibra,3622.79,0,1.180327868852459,3.9072368421052635,0
C10670,48,26,57.02,4,1,17.7,Anual,Débito automático,Inalámbrico,1482.52,0,1.8461538461538463,3.2214689265536727,0
C10671,42,12,57.31,6,1,23.7,Mensual,Tarjeta,Fibra,687.72,1,6.0,2.418143459915612,0
C10672,30,36,37.23,1,0,32.1,Mensual,Débito automático,Fibra,1340.28,0,0.3333333333333333,1.1598130841121495,0
C10673,23,84,52.89,1,0,20.1,Mensual,Transferencia,Cable,4442.76,0,0.14285714285714285,2.6313432835820896,0
C10674,49,8,96.8125,1,2,21.8,Anual,Transferencia,Fibra,519.52,1,1.5,4.440940366972477,0
C10675,43,60,60.8,3,1,13.8,Mensual,Débito automático,Inalámbrico,3648.0,0,0.6,4.4057971014492745,0
C10676,68,35,70.19,0,4,36.9,Anual,Débito automático,Fibra,2456.65,1,0.0,1.9021680216802168,0
C10677,44,14,77.31,5,0,23.2,Anual,Transferencia,Fibra,1082.34,0,4.285714285714286,3.3323275862068966,0
C10678,44,4,70.17,3,2,30.6,Mensual,Transferencia,Fibra,280.68,0,9.0,2.2931372549019606,1
C10679,37,2,55.58,0,1,22.2,Mensual,Tarjeta,Fibra,111.16,0,0.0,2.5036036036036036,1
C10680,49,16,39.69,2,0,22.7,Mensual,Transferencia,Fibra,635.04,0,1.5,1.7484581497797356,0
C10681,47,31,47.81,2,0,10.0,Anual,Efectivo,Fibra,1482.11,0,0.7741935483870968,4.781000000000001,0
C10682,54,42,55.13,2,2,4.8,Mensual,Tarjeta,Fibra,2315.46,1,0.5714285714285714,11.485416666666667,0
C10683,33,48,57.38,1,2,32.0,Mensual,Débito automático,Fibra,2754.24,0,0.25,1.793125,0
C10684,34,29,46.65,3,1,22.6,Mensual,Efectivo,Fibra,1352.85,0,1.2413793103448276,2.064159292035398,0
C10685,33,26,39.55,2,1,23.7,Mensual,Tarjeta,Fibra,1028.3,0,0.9230769230769231,1.6687763713080168,0
C10686,48,18,39.22,1,1,12.0,Anual,Débito automático,Fibra,705.96,0,0.6666666666666666,3.268333333333333,0
C10687,57,31,34.34,3,0,14.8,Mensual,Efectivo,Fibra,1064.54,0,1.161290322580645,2.3202702702702704,0
C10688,33,14,50.07,1,1,,Mensual,Tarjeta,Fibra,700.98,1,0.8571428571428571,,0
C10689,34,9,,2,1,35.9,Mensual,Transferencia,Fibra,286.02,0,2.6666666666666665,,0
C10690,43,25,40.88,2,0,17.0,Anual,Débito automático,Fibra,1022.0,0,0.96,2.4047058823529412,0
C10691,36,40,48.37,3,1,27.4,Anual,Débito automático,Fibra,1934.8,0,0.8999999999999999,1.7653284671532847,0
C10692,50,7,37.46,5,1,23.5,Mensual,Tarjeta,Inalámbrico,262.22,1,8.571428571428571,1.5940425531914895,0
C10693,18,16,55.84,3,3,21.0,Mensual,Efectivo,Fibra,893.44,0,2.25,2.659047619047619,0
C10694,29,24,63.77,1,1,36.8,Anual,Débito automático,Fibra,1530.48,0,0.5,1.732880434782609,0
C10695,30,24,44.66,2,0,18.4,Mensual,Débito automático,Cable,1071.84,1,1.0,2.4271739130434784,0
C10696,18,34,43.58,0,0,31.9,Anual,Tarjeta,Fibra,1481.72,0,0.0,1.3661442006269593,0
C10697,27,72,60.27,1,0,25.1,Mensual,Transferencia,Fibra,4339.44,0,0.16666666666666666,2.401195219123506,0
C10698,28,2,41.73,3,1,21.9,Mensual,Débito automático,Cable,83.46,0,12.0,1.9054794520547944,1
C10699,37,74,42.77,3,1,33.0,Mensual,Tarjeta,Cable,3164.98,0,0.48648648648648646,1.2960606060606061,0
C10700,52,70,75.91,3,1,24.3,Mensual,Transferencia,Inalámbrico,5313.7,0,0.5142857142857143,3.1238683127572013,0
C10701,36,43,67.54,1,1,21.2,Anual,Transferencia,Inalámbrico,2904.22,0,0.27906976744186046,3.185849056603774,0
C10702,27,28,61.23,1,4,33.0,Mensual,Transferencia,Cable,1714.44,0,0.42857142857142855,1.8554545454545455,0
C10703,38,14,68.62,2,2,32.0,Mensual,Efectivo,Cable,960.68,1,1.7142857142857142,2.144375,0
C10704,52,42,28.3,1,1,31.6,Mensual,Tarjeta,Fibra,1188.6,0,0.2857142857142857,0.8955696202531646,0
C10705,27,29,72.52,1,2,1.0,Mensual,Débito automático,Inalámbrico,2103.08,0,0.4137931034482759,72.52,0
C10706,28,19,58.32,2,0,25.5,Anual,Tarjeta,Cable,1108.08,0,1.2631578947368423,2.287058823529412,0
C10707,46,41,71.74,1,0,23.7,Anual,Débito automático,Fibra,2941.34,0,0.29268292682926833,3.0270042194092825,0
C10708,36,46,60.09,3,2,21.7,Bianual,Transferencia,Fibra,2764.14,0,0.7826086956521738,2.769124423963134,0
C10709,47,57,57.54,0,2,26.9,Mensual,Tarjeta,Cable,3279.78,0,0.0,2.1390334572490706,0
C10710,39,13,50.84,3,2,24.1,Mensual,Débito automático,Cable,660.92,1,2.7692307692307696,2.1095435684647303,0
C10711,47,52,62.32,2,0,27.4,Mensual,Débito automático,Cable,3240.64,0,0.46153846153846156,2.2744525547445256,0
C10712,27,19,47.53,1,1,,Bianual,Transferencia,Fibra,903.07,0,0.6315789473684211,,0
C10713,39,28,67.99,2,1,34.0,Mensual,Tarjeta,Cable,1903.72,0,0.8571428571428571,1.999705882352941,0
C10714,36,31,30.48,0,0,28.2,Mensual,,Fibra,944.88,0,0.0,1.0808510638297872,0
C10715,24,49,43.4,2,1,26.3,Anual,Débito automático,Cable,2126.6,0,0.489795918367347,1.650190114068441,0
C10716,20,39,81.27,2,2,25.9,Mensual,Tarjeta,Fibra,3169.53,0,0.6153846153846154,3.137837837837838,0
C10717,47,18,47.42,2,0,31.3,Mensual,Débito automático,Fibra,853.56,1,1.3333333333333333,1.5150159744408946,0
C10718,35,3,50.47,2,1,30.2,Mensual,Transferencia,Fibra,151.41,1,8.0,1.6711920529801325,1
C10719,27,34,38.97,3,1,21.1,Anual,Efectivo,Fibra,1324.98,0,1.0588235294117647,1.8469194312796207,0
C10720,38,27,59.78,3,0,29.9,Anual,Transferencia,Fibra,1614.06,0,1.3333333333333333,1.9993311036789299,0
C10721,53,8,47.15,2,0,23.4,Mensual,Tarjeta,Cable,377.2,0,3.0,2.014957264957265,0
C10722,18,29,47.36,2,0,37.3,Anual,Débito automático,Fibra,1373.44,0,0.8275862068965518,1.2697050938337802,0
C10723,21,24,63.56,1,1,30.8,Mensual,Tarjeta,Cable,1525.44,0,0.5,2.0636363636363635,0
C10724,28,56,41.96,2,1,17.0,Mensual,Débito automático,Cable,2349.76,0,0.42857142857142855,2.468235294117647,0
C10725,57,77,70.94,1,1,40.6,Bianual,Tarjeta,Fibra,5462.38,0,0.15584415584415584,1.7472906403940887,0
C10726,42,45,67.99,1,2,5.2,Anual,Tarjeta,Inalámbrico,3059.55,0,0.26666666666666666,13.075,0
C10727,48,23,72.86,2,1,27.1,Bianual,Débito automático,Cable,1675.78,0,1.0434782608695652,2.688560885608856,0
C10728,25,26,53.86,4,1,16.4,Anual,Efectivo,Cable,1400.36,0,1.8461538461538463,3.2841463414634147,0
C10729,26,13,96.8125,1,2,37.1,Mensual,Tarjeta,Cable,1307.8,1,0.9230769230769231,2.609501347708895,0
C10730,44,15,71.94,2,0,24.0,Mensual,Transferencia,Cable,1079.1,1,1.6,2.9975,0
C10731,40,22,60.07,1,2,15.6,Mensual,Tarjeta,Inalámbrico,1321.54,1,0.5454545454545455,3.8506410256410257,0
C10732,46,20,43.44,3,1,19.9,Mensual,Débito automático,Fibra,868.8,0,1.7999999999999998,2.1829145728643216,0
C10733,37,8,53.05,3,0,16.3,Mensual,Tarjeta,Fibra,424.4,0,4.5,3.2546012269938647,0
C10734,42,57,77.05,1,1,19.6,Mensual,Transferencia,Cable,4391.85,0,0.21052631578947367,3.9311224489795915,0
C10735,41,62,81.07,3,3,19.4,Mensual,Tarjeta,Fibra,5026.34,0,0.5806451612903225,4.1788659793814436,0
C10736,48,55,79.21,1,1,16.0,Anual,Efectivo,Cable,4356.55,0,0.2181818181818182,4.950625,0
C10737,49,63,69.05,2,0,24.2,Mensual,Débito automático,Fibra,4350.15,0,0.38095238095238093,2.853305785123967,0
C10738,20,84,31.77,2,5,25.1,Mensual,Débito automático,Fibra,2668.68,0,0.2857142857142857,1.2657370517928286,0
C10739,18,13,57.45,3,2,14.0,Anual,Transferencia,Inalámbrico,746.85,1,2.7692307692307696,4.103571428571429,0
C10740,51,84,39.11,1,0,8.7,Anual,Tarjeta,Fibra,3285.24,0,0.14285714285714285,4.495402298850575,0
C10741,53,18,35.88,4,2,24.5,Mensual,,Fibra,645.84,0,2.6666666666666665,1.4644897959183674,0
C10742,27,37,55.8,1,3,26.3,Anual,Débito automático,Cable,2064.6,0,0.3243243243243243,2.121673003802281,0
C10743,18,6,57.99,0,1,27.8,Anual,Tarjeta,Cable,347.94,0,0.0,2.0859712230215828,1
C10744,40,17,68.75,2,0,26.4,Bianual,Efectivo,Inalámbrico,1168.75,0,1.4117647058823528,2.604166666666667,0
C10745,50,46,64.96,1,0,34.6,Mensual,Transferencia,Fibra,2988.16,0,0.2608695652173913,1.8774566473988437,0
C10746,61,38,68.0,1,0,30.0,Mensual,Débito automático,Inalámbrico,2584.0,0,0.31578947368421056,2.2666666666666666,0
C10747,45,18,41.58,4,0,43.4,Anual,Transferencia,Cable,748.44,0,2.6666666666666665,0.9580645161290322,0
C10748,35,26,52.48,1,1,46.8,Mensual,Transferencia,Inalámbrico,1364.48,0,0.46153846153846156,1.1213675213675214,0
C10749,28,15,29.83,0,0,7.9,Anual,Débito automático,Fibra,447.45,0,0.0,3.7759493670886073,0
C10750,39,46,67.284,3,3,4.4,Anual,Débito automático,Fibra,1146.32,0,0.7826086956521738,15.291818181818181,0
C10751,35,59,65.16,2,0,21.9,Anual,Transferencia,Cable,3844.44,0,0.4067796610169491,2.9753424657534246,0
C10752,27,13,40.91,2,3,26.0,Bianual,Débito automático,Cable,531.83,0,1.8461538461538463,1.5734615384615382,0
C10753,64,24,73.81,1,1,21.4,Anual,Efectivo,Fibra,1771.44,0,0.5,3.449065420560748,0
C10754,60,7,76.43,2,2,27.6,Bianual,Transferencia,Cable,535.01,0,3.4285714285714284,2.769202898550725,0
C10755,53,28,48.9,2,0,19.8,Anual,Tarjeta,Cable,1369.2,0,0.8571428571428571,2.4696969696969697,0
C10756,28,35,61.29,1,0,16.4,Mensual,Efectivo,Fibra,2145.15,0,0.34285714285714286,3.7371951219512196,0
C10757,49,30,47.35,3,0,17.7,Anual,Efectivo,Cable,1420.5,0,1.2,2.6751412429378534,0
C10758,47,33,29.12,0,1,20.4,Anual,Tarjeta,Fibra,960.96,0,0.0,1.4274509803921571,0
C10759,44,22,57.97,4,0,28.7,Bianual,Tarjeta,Inalámbrico,1275.34,0,2.181818181818182,2.0198606271777004,0
C10760,54,22,51.36,0,0,18.1,Mensual,Efectivo,Cable,1129.92,0,0.0,2.8375690607734803,0
C10761,47,22,50.21,0,0,19.7,Mensual,Tarjeta,Cable,1104.62,0,0.0,2.5487309644670053,0
C10762,48,16,86.67,1,2,26.6,Anual,Efectivo,Inalámbrico,1386.72,0,0.75,3.2582706766917293,0
C10763,47,18,33.92,1,4,20.4,Mensual,Efectivo,Cable,610.56,0,0.6666666666666666,1.662745098039216,0
C10764,43,34,61.63,3,1,30.9,Anual,Transferencia,Fibra,2095.42,0,1.0588235294117647,1.9944983818770228,0
C10765,18,57,35.22,2,1,14.6,Mensual,Tarjeta,Cable,2007.54,0,0.42105263157894735,2.4123287671232876,0
C10766,40,11,68.82,2,0,12.9,Mensual,Transferencia,Inalámbrico,757.02,0,2.181818181818182,5.3348837209302316,0
C10767,32,22,57.84,5,0,24.4,Mensual,Transferencia,Fibra,1272.48,0,2.7272727272727275,2.370491803278689,0
C10768,24,9,57.21,2,2,25.2,Anual,Efectivo,Cable,514.89,1,2.6666666666666665,2.270238095238095,0
C10769,59,16,45.4,0,1,15.1,Mensual,Efectivo,Fibra,726.4,1,0.0,3.006622516556291,0
C10770,60,19,48.32,3,1,32.7,Anual,Débito automático,Cable,918.08,0,1.8947368421052633,1.477675840978593,0
C10771,55,27,72.56,3,0,37.4,Anual,Tarjeta,Cable,1959.12,0,1.3333333333333333,1.9401069518716578,0
C10772,42,27,82.22,2,2,,Anual,Efectivo,Inalámbrico,2219.94,1,0.8888888888888888,,0
C10773,55,24,65.85,1,2,33.9,Mensual,Tarjeta,Cable,1580.4,0,0.5,1.9424778761061947,0
C10774,39,32,41.51,0,2,2.9,Mensual,Débito automático,Fibra,1328.32,0,0.0,14.313793103448276,0
C10775,41,12,60.51,2,1,30.6,Anual,Tarjeta,Cable,726.12,1,2.0,1.9774509803921567,0
C10776,26,27,88.39,2,1,15.1,Mensual,Transferencia,Inalámbrico,2386.53,1,0.8888888888888888,5.85364238410596,0
C10777,44,39,57.66,1,2,29.8,Mensual,Transferencia,Fibra,2248.74,1,0.3076923076923077,1.9348993288590604,0
C10778,40,12,77.13,3,0,14.3,Bianual,Transferencia,Fibra,925.56,0,3.0,5.393706293706293,0
C10779,23,5,40.19,0,1,21.5,Mensual,Débito automático,Cable,200.95,0,0.0,1.8693023255813952,1
C10780,38,46,54.11,2,2,15.5,Mensual,Tarjeta,Cable,2489.06,0,0.5217391304347826,3.4909677419354836,0
C10781,38,9,64.03,1,1,20.3,Bianual,Tarjeta,Fibra,576.27,0,1.3333333333333333,3.1541871921182265,0
C10782,61,16,65.99,1,0,,Mensual,Efectivo,Fibra,1055.84,0,0.75,,0
C10783,50,38,46.0,2,0,21.1,Mensual,Transferencia,Fibra,1748.0,0,0.6315789473684211,2.1800947867298577,0
C10784,39,11,42.83,3,3,38.9,Mensual,Tarjeta,Cable,471.13,1,3.272727272727273,1.1010282776349614,0
C10785,42,44,70.48,1,4,18.9,Anual,Tarjeta,Fibra,3101.12,0,0.27272727272727276,3.7291005291005295,0
C10786,40,14,73.07,3,5,33.9,Bianual,Tarjeta,Fibra,1022.98,1,2.571428571428571,2.1554572271386427,0
C10787,37,13,77.19,1,3,9.0,Anual,Débito automático,Cable,1003.47,1,0.9230769230769231,8.576666666666666,0
C10788,26,9,79.04,1,0,19.7,Bianual,Transferencia,Fibra,711.36,0,1.3333333333333333,4.012182741116752,0
C10789,37,14,56.53,2,1,17.7,Mensual,Tarjeta,Cable,791.42,0,1.7142857142857142,3.1937853107344636,0
C10790,30,35,48.23,3,4,34.3,Anual,Transferencia,Fibra,1688.05,1,1.0285714285714287,1.4061224489795918,0
C10791,24,16,71.78,1,0,23.5,Mensual,Débito automático,Fibra,1148.48,0,0.75,3.0544680851063832,0
C10792,45,46,67.05,0,3,5.3,Bianual,Débito automático,Cable,3084.3,0,0.0,12.650943396226415,0
C10793,44,24,41.38,1,2,11.5,Bianual,Tarjeta,Cable,993.12,0,0.5,3.5982608695652174,0
C10794,18,26,34.64,2,1,13.9,Mensual,Efectivo,Inalámbrico,900.64,1,0.9230769230769231,2.4920863309352517,0
C10795,38,12,62.12,2,0,29.5,Anual,Tarjeta,Fibra,745.44,0,2.0,2.105762711864407,0
C10796,51,51,55.07,2,0,28.4,Anual,Tarjeta,Fibra,2808.57,0,0.47058823529411764,1.9390845070422535,0
C10797,52,39,57.56,3,0,19.6,Mensual,Débito automático,Fibra,2244.84,0,0.9230769230769231,2.936734693877551,0
C10798,51,39,,0,1,17.6,Anual,Débito automático,Cable,2878.98,1,0.0,,0
C10799,39,21,66.36,0,1,27.7,Bianual,Tarjeta,Fibra,1393.56,0,0.0,2.395667870036101,0
C10800,29,8,72.62,3,2,13.0,Mensual,Débito automático,Inalámbrico,580.96,1,4.5,5.586153846153847,0
C10801,26,27,23.01,3,0,25.7,Mensual,Efectivo,Cable,621.27,0,1.3333333333333333,0.8953307392996109,0
C10802,43,34,59.69,1,4,25.0,Bianual,Efectivo,Fibra,2029.46,1,0.3529411764705882,2.3876,0
C10803,44,34,66.54,0,1,19.8,Mensual,Débito automático,Fibra,2262.36,0,0.0,3.360606060606061,0
C10804,54,31,35.52,2,1,25.2,Mensual,Transferencia,Fibra,1101.12,0,0.7741935483870968,1.4095238095238096,0
C10805,52,30,48.14,2,1,22.8,Anual,Débito automático,Cable,1444.2,0,0.8,2.1114035087719296,0
C10806,37,14,41.9,2,0,26.0,Anual,Tarjeta,Cable,586.6,0,1.7142857142857142,1.6115384615384616,0
C10807,24,15,51.85,2,0,11.3,Mensual,Transferencia,Inalámbrico,777.75,0,1.6,4.588495575221239,0
C10808,35,9,78.47,2,1,26.9,Mensual,Tarjeta,Cable,706.23,0,2.6666666666666665,2.917100371747212,0
C10809,42,46,86.0,3,1,30.2,Anual,Débito automático,Fibra,3956.0,0,0.7826086956521738,2.847682119205298,0
C10810,37,75,42.3,2,1,24.6,Mensual,Tarjeta,Fibra,3172.5,0,0.32,1.719512195121951,0
C10811,32,84,61.26,1,1,26.8,Anual,Transferencia,Fibra,5145.84,0,0.14285714285714285,2.285820895522388,0
C10812,42,28,64.04,3,0,21.1,Bianual,Efectivo,Inalámbrico,1793.12,0,1.2857142857142856,3.0350710900473934,0
C10813,33,30,59.4,2,0,29.1,Mensual,Tarjeta,Cable,1782.0,0,0.8,2.0412371134020617,0
C10814,31,22,59.11,2,0,22.5,Bianual,Tarjeta,Inalámbrico,1300.42,0,1.090909090909091,2.627111111111111,0
C10815,43,28,60.45,4,1,,Anual,Tarjeta,Inalámbrico,1692.6,1,1.7142857142857142,,0
C10816,34,11,79.13,1,2,28.6,Bianual,Efectivo,Fibra,870.43,1,1.090909090909091,2.7667832167832165,0
C10817,42,21,72.2,4,1,8.9,Mensual,Tarjeta,Cable,1516.2,0,2.2857142857142856,8.112359550561798,0
C10818,42,13,39.76,4,0,24.3,Mensual,Transferencia,Cable,516.88,1,3.6923076923076925,1.6362139917695473,0
C10819,25,19,63.69,2,0,18.9,Anual,Transferencia,Fibra,1210.11,0,1.2631578947368423,3.36984126984127,0
C10820,33,14,66.98,4,0,18.4,Bianual,Débito automático,Fibra,937.72,0,3.4285714285714284,3.6402173913043483,0
C10821,56,34,63.6,2,0,23.4,Bianual,Débito automático,Cable,2162.4,0,0.7058823529411764,2.717948717948718,0
C10822,25,37,68.72,3,3,16.3,Mensual,Tarjeta,Inalámbrico,2542.64,1,0.9729729729729729,4.215950920245398,0
C10823,18,30,52.96,2,1,26.1,Mensual,Débito automático,Fibra,1588.8,0,0.8,2.02911877394636,0
C10824,18,15,53.15,0,0,22.5,Mensual,Débito automático,Inalámbrico,797.25,0,0.0,2.362222222222222,0
C10825,39,9,56.79,0,1,17.1,Anual,Efectivo,Inalámbrico,511.11,0,0.0,3.3210526315789473,0
C10826,39,37,24.7,4,1,32.7,Anual,Transferencia,Inalámbrico,913.9,0,1.2972972972972971,0.7553516819571865,0
C10827,38,24,53.53,2,1,23.6,Anual,Tarjeta,Fibra,1284.72,0,1.0,2.268220338983051,0
C10828,54,5,48.4,2,1,27.0,Mensual,Efectivo,Fibra,242.0,1,4.8,1.7925925925925925,1
C10829,18,27,32.34,2,1,33.3,Bianual,Transferencia,Cable,873.18,1,0.8888888888888888,0.9711711711711714,0
C10830,44,31,77.63,2,0,33.2,Mensual,Tarjeta,Fibra,2406.53,1,0.7741935483870968,2.3382530120481926,0
C10831,58,6,66.9,2,0,26.6,Mensual,Tarjeta,Fibra,401.4,0,4.0,2.5150375939849625,1
C10832,25,34,51.3,0,2,19.6,Anual,Tarjeta,Cable,1744.2,0,0.0,2.6173469387755097,0
C10833,34,7,45.35,2,1,10.6,Mensual,Efectivo,Fibra,317.45,0,3.4285714285714284,4.278301886792453,0
C10834,30,13,57.34,6,1,23.7,Anual,Tarjeta,Fibra,745.42,1,5.538461538461539,2.419409282700422,0
C10835,28,7,67.31,3,1,30.8,Anual,Efectivo,Inalámbrico,471.17,0,5.142857142857142,2.18538961038961,0
C10836,35,12,41.65,2,3,24.8,Mensual,Débito automático,Fibra,499.8,0,2.0,1.6794354838709675,0
C10837,56,9,58.81,2,0,1.0,Mensual,Tarjeta,Inalámbrico,529.29,1,2.6666666666666665,58.81,0
C10838,61,46,73.05,0,1,29.0,Mensual,Tarjeta,Fibra,3360.3,0,0.0,2.518965517241379,0
C10839,35,20,25.01,1,0,29.5,Anual,Tarjeta,Fibra,500.2,0,0.6,0.8477966101694916,0
C10840,62,17,59.4,2,3,19.6,Mensual,Transferencia,Fibra,1009.8,1,1.4117647058823528,3.030612244897959,0
C10841,39,49,48.53,1,1,29.9,Mensual,Débito automático,Fibra,2377.97,0,0.2448979591836735,1.623076923076923,0
C10842,60,47,57.79,0,0,27.0,Mensual,Efectivo,Fibra,2716.13,0,0.0,2.1403703703703703,0
C10843,38,18,47.22,5,2,16.5,Anual,Débito automático,Inalámbrico,849.96,0,3.3333333333333335,2.861818181818182,0
C10844,41,29,57.49,2,0,32.2,Mensual,Débito automático,Inalámbrico,1667.21,0,0.8275862068965518,1.7854037267080745,0
C10845,43,16,84.74,4,2,11.9,Mensual,Tarjeta,Fibra,1355.84,1,3.0,7.121008403361344,0
C10846,75,23,58.39,0,2,21.5,Mensual,Efectivo,Fibra,1342.97,0,0.0,2.715813953488372,0
C10847,49,10,61.65,2,2,20.7,Mensual,Transferencia,Cable,616.5,1,2.4,2.9782608695652173,0
C10848,31,32,83.05,0,0,15.4,Mensual,Transferencia,Fibra,2657.6,0,0.0,5.392857142857142,0
C10849,51,50,49.48,1,2,24.4,Mensual,Transferencia,Fibra,2474.0,0,0.24,2.0278688524590165,0
C10850,35,45,81.27,2,2,32.5,Anual,Transferencia,Fibra,3657.15,0,0.5333333333333333,2.5006153846153847,0
C10851,33,25,53.67,1,0,32.0,Mensual,Efectivo,Fibra,1341.75,1,0.48,1.6771875,0
C10852,50,4,84.23,3,0,27.8,Mensual,Efectivo,Cable,336.92,0,9.0,3.0298561151079135,1
C10853,39,15,66.22,3,2,8.4,Bianual,Tarjeta,Fibra,993.3,0,2.4,7.883333333333333,0
C10854,42,23,60.27,1,1,11.3,Mensual,Tarjeta,Cable,1386.21,0,0.5217391304347826,5.333628318584071,0
C10855,39,8,53.99,1,1,23.3,Mensual,Transferencia,Fibra,431.92,1,1.5,2.317167381974249,0
C10856,43,7,46.53,3,0,21.7,Mensual,Efectivo,Fibra,325.71,1,5.142857142857142,2.1442396313364056,0
C10857,44,59,57.26,0,3,18.0,Mensual,Transferencia,Cable,3378.34,1,0.0,3.181111111111111,0
C10858,18,41,63.6,4,1,,Mensual,Tarjeta,Fibra,2607.6,0,1.1707317073170733,,0
C10859,47,34,56.61,1,1,22.8,Bianual,,Inalámbrico,1924.74,0,0.3529411764705882,2.482894736842105,0
C10860,27,38,47.46,2,2,26.3,Mensual,Efectivo,Cable,1803.48,0,0.6315789473684211,1.8045627376425855,0
C10861,22,9,47.3,1,1,29.9,Anual,Efectivo,Inalámbrico,425.7,0,1.3333333333333333,1.5819397993311037,0
C10862,38,12,69.63,1,2,22.4,Bianual,Tarjeta,Fibra,835.56,0,1.0,3.108482142857143,0
C10863,40,28,73.58,1,1,42.7,Mensual,Transferencia,Fibra,2060.24,1,0.42857142857142855,1.7231850117096017,0
C10864,31,30,43.12,0,2,14.5,Anual,Transferencia,Fibra,1293.6,0,0.0,2.973793103448276,0
C10865,49,7,47.24,2,0,17.2,Mensual,Efectivo,Cable,330.68,0,3.4285714285714284,2.746511627906977,0
C10866,23,27,56.98,3,3,14.5,Mensual,Tarjeta,Cable,1538.46,0,1.3333333333333333,3.929655172413793,0
C10867,34,23,76.73,4,0,34.5,Anual,Efectivo,Fibra,1764.79,0,2.0869565217391304,2.224057971014493,0
C10868,32,44,70.55,1,0,28.4,Mensual,Débito automático,Fibra,3104.2,0,0.27272727272727276,2.484154929577465,0
C10869,38,30,35.96,2,1,17.6,Bianual,Transferencia,Fibra,1078.8,0,0.8,2.043181818181818,0
C10870,42,63,51.7,2,0,,Anual,Transferencia,Fibra,3257.1,0,0.38095238095238093,,0
C10871,27,18,38.25,2,0,33.1,Mensual,Tarjeta,Fibra,688.5,0,1.3333333333333333,1.1555891238670695,0
C10872,48,10,53.03,2,1,24.9,Mensual,Tarjeta,Cable,530.3,1,2.4,2.1297188755020082,0
C10873,40,62,79.27,5,1,33.3,Anual,Débito automático,Inalámbrico,4914.74,0,0.9677419354838709,2.3804804804804807,0
C10874,18,31,28.8,2,0,21.5,Mensual,Débito automático,Fibra,892.8,0,0.7741935483870968,1.3395348837209302,0
C10875,18,23,25.86,1,2,26.1,Mensual,Tarjeta,Fibra,594.78,0,0.5217391304347826,0.9908045977011494,0
C10876,39,12,42.54,0,1,24.4,Mensual,Débito automático,Fibra,510.48,0,0.0,1.7434426229508198,0
C10877,36,19,58.59,2,2,17.0,Mensual,Tarjeta,Fibra,1113.21,1,1.2631578947368423,3.4464705882352944,0
C10878,38,18,64.05,0,1,20.8,Bianual,Transferencia,Cable,1152.9,0,0.0,3.079326923076923,0
C10879,39,9,61.53,2,0,12.5,Mensual,Efectivo,Fibra,553.77,1,2.6666666666666665,4.9224,0
C10880,42,3,73.3,2,0,26.0,Mensual,Transferencia,Inalámbrico,219.9,0,8.0,2.819230769230769,1
C10881,50,17,31.05,1,1,28.1,Anual,Transferencia,Inalámbrico,527.85,0,0.7058823529411764,1.104982206405694,0
C10882,26,39,,2,1,29.9,Anual,Efectivo,Fibra,2722.59,0,0.6153846153846154,,0
C10883,25,53,47.07,3,1,27.3,Bianual,Tarjeta,Inalámbrico,2494.71,0,0.6792452830188679,1.724175824175824,0
C10884,26,45,62.95,2,1,21.0,Bianual,Débito automático,Cable,2832.75,0,0.5333333333333333,2.9976190476190476,0
C10885,42,47,35.81,3,0,34.4,Mensual,Tarjeta,Inalámbrico,1683.07,0,0.7659574468085106,1.0409883720930233,0
C10886,54,10,58.49,1,1,29.1,Mensual,Tarjeta,Fibra,584.9,0,1.2,2.0099656357388316,0
C10887,34,29,57.36,1,1,33.1,Anual,Débito automático,Inalámbrico,1663.44,0,0.4137931034482759,1.732930513595166,0
C10888,18,34,67.48,0,3,33.6,Mensual,Transferencia,Fibra,2294.32,0,0.0,2.0083333333333333,0
C10889,19,36,26.59,2,1,21.0,Anual,Transferencia,Fibra,957.24,0,0.6666666666666666,1.266190476190476,0
C10890,29,23,53.13,0,2,25.1,Mensual,Tarjeta,Inalámbrico,1221.99,1,0.0,2.1167330677290837,0
C10891,32,26,37.08,3,0,28.2,Bianual,,Fibra,964.08,0,1.3846153846153848,1.3148936170212766,0
C10892,34,44,61.4,3,3,12.8,Anual,Tarjeta,Fibra,2701.6,1,0.8181818181818182,4.796875,0
C10893,39,33,66.63,2,3,13.0,Anual,Transferencia,Fibra,2198.79,1,0.7272727272727273,5.125384615384615,0
C10894,35,38,,2,2,11.6,Mensual,Transferencia,Fibra,2787.68,1,0.6315789473684211,,0
C10895,52,17,49.93,3,1,21.1,Bianual,Transferencia,Fibra,848.81,1,2.1176470588235294,2.3663507109004738,0
C10896,31,36,67.04,1,1,19.3,Anual,Débito automático,Fibra,2413.44,0,0.3333333333333333,3.4735751295336788,0
C10897,29,26,73.08,1,0,10.5,Anual,Débito automático,Cable,1900.08,0,0.46153846153846156,6.96,0
C10898,45,41,31.7,2,1,23.2,Anual,Tarjeta,Cable,1299.7,0,0.5853658536585367,1.3663793103448276,0
C10899,21,14,60.02,2,3,21.2,Mensual,Débito automático,Fibra,840.28,1,1.7142857142857142,2.8311320754716984,0
C10900,44,39,70.5,1,0,31.5,Mensual,Débito automático,Inalámbrico,2749.5,1,0.3076923076923077,2.238095238095238,0
C10901,40,19,51.32,2,2,38.1,Mensual,Débito automático,Cable,975.08,0,1.2631578947368423,1.346981627296588,0
C10902,37,39,36.35,2,1,25.7,Anual,Efectivo,Cable,1417.65,0,0.6153846153846154,1.4143968871595332,0
C10903,58,29,73.48,2,1,16.4,Anual,,Cable,2130.92,0,0.8275862068965518,4.48048780487805,0
C10904,32,25,35.37,1,1,27.2,Mensual,Tarjeta,Inalámbrico,884.25,0,0.48,1.3003676470588235,0
C10905,64,19,58.04,1,0,22.1,Bianual,Débito automático,Fibra,1102.76,0,0.6315789473684211,2.6262443438914027,0
C10906,36,23,53.68,2,2,20.1,Mensual,Transferencia,Cable,1234.64,0,1.0434782608695652,2.670646766169154,0
C10907,24,18,62.25,3,1,15.1,Anual,Débito automático,Inalámbrico,1120.5,0,2.0,4.122516556291391,0
C10908,40,19,45.8,3,1,18.3,Mensual,Efectivo,Cable,870.2,1,1.8947368421052633,2.502732240437158,0
C10909,26,33,41.71,1,2,20.6,Mensual,Tarjeta,Fibra,1376.43,0,0.36363636363636365,2.024757281553398,0
C10910,30,5,54.38,2,2,28.4,Mensual,Transferencia,Cable,271.9,1,4.8,1.9147887323943664,1
C10911,44,39,71.22,0,1,26.1,Anual,Débito automático,Cable,2777.58,0,0.0,2.728735632183908,0
C10912,46,39,,5,3,36.6,Anual,Tarjeta,Fibra,3544.71,1,1.5384615384615385,,0
C10913,32,20,30.75,3,1,27.4,Mensual,Efectivo,Cable,615.0,1,1.7999999999999998,1.1222627737226278,0
C10914,51,27,62.46,0,0,25.4,Mensual,Débito automático,Inalámbrico,1686.42,0,0.0,2.4590551181102365,0
C10915,53,11,41.89,2,0,19.6,Anual,Tarjeta,Cable,460.79,0,2.181818181818182,2.1372448979591834,0
C10916,56,31,74.16,2,0,13.7,Mensual,Tarjeta,Fibra,2298.96,1,0.7741935483870968,5.413138686131387,0
C10917,45,12,42.27,0,1,17.4,Anual,Transferencia,Cable,507.24,0,0.0,2.4293103448275866,0
C10918,55,1,48.53,0,0,16.4,Mensual,Débito automático,Cable,48.53,0,0.0,2.959146341463415,1
C10919,18,52,41.3,2,1,1.5,Bianual,Transferencia,Fibra,2147.6,0,0.46153846153846156,27.53333333333333,0
C10920,35,10,52.91,1,0,13.9,Anual,Tarjeta,Cable,529.1,0,1.2,3.8064748201438845,0
C10921,29,23,57.52,0,0,34.8,Mensual,Tarjeta,Fibra,1322.96,0,0.0,1.652873563218391,0
C10922,40,27,62.46,1,0,24.9,Anual,Transferencia,Inalámbrico,1686.42,0,0.4444444444444444,2.5084337349397594,0
C10923,32,33,53.27,1,3,19.0,Mensual,Transferencia,Cable,1757.91,0,0.36363636363636365,2.803684210526316,0
C10924,37,24,34.56,2,2,25.2,Bianual,Tarjeta,Cable,829.44,0,1.0,1.3714285714285717,0
C10925,62,29,71.18,0,1,6.4,Anual,Débito automático,Cable,2064.22,0,0.0,11.121875000000001,0
C10926,37,20,53.72,0,0,24.3,Mensual,Tarjeta,Fibra,1074.4,0,0.0,2.2106995884773664,0
C10927,44,6,73.55,2,0,32.2,Anual,Débito automático,Cable,441.3,0,4.0,2.2841614906832297,1
C10928,36,23,43.66,2,0,,Mensual,Débito automático,Fibra,1004.18,0,1.0434782608695652,,0
C10929,40,36,31.17,0,1,7.8,Bianual,Efectivo,Cable,1122.12,0,0.0,3.9961538461538466,0
C10930,39,11,54.46,1,2,18.7,Bianual,Efectivo,Fibra,599.06,0,1.090909090909091,2.912299465240642,0
C10931,44,28,75.56,1,0,32.2,Anual,Tarjeta,Cable,2115.68,0,0.42857142857142855,2.346583850931677,0
C10932,53,71,60.6,4,1,24.1,Mensual,Transferencia,Cable,4302.6,0,0.676056338028169,2.5145228215767634,0
C10933,59,22,56.57,3,3,10.7,Anual,Transferencia,Fibra,1244.54,0,1.6363636363636365,5.286915887850467,0
C10934,43,23,42.83,1,2,40.9,Mensual,Tarjeta,Fibra,985.09,1,0.5217391304347826,1.0471882640586796,0
C10935,46,6,82.95,2,0,12.0,Mensual,Transferencia,Fibra,497.7,1,4.0,6.9125000000000005,1
C10936,25,10,36.31,2,0,20.1,Bianual,Tarjeta,Fibra,363.1,0,2.4,1.8064676616915423,0
C10937,38,13,43.86,2,2,13.7,Mensual,Tarjeta,Fibra,570.18,0,1.8461538461538463,3.201459854014599,0
C10938,50,35,66.05,0,2,,Mensual,Efectivo,Inalámbrico,2311.75,0,0.0,,0
C10939,49,11,29.43,1,0,18.4,Mensual,Transferencia,Inalámbrico,323.73,1,1.090909090909091,1.5994565217391306,0
C10940,42,4,74.78,2,3,27.1,Bianual,Tarjeta,Inalámbrico,299.12,1,6.0,2.7594095940959407,1
C10941,50,31,66.86,4,3,32.3,Bianual,Tarjeta,Fibra,2072.66,0,1.5483870967741935,2.069969040247678,0
C10942,45,14,69.84,3,3,18.9,Mensual,Tarjeta,Fibra,977.76,1,2.571428571428571,3.695238095238096,0
C10943,53,6,66.56,1,2,13.9,Mensual,Transferencia,Fibra,399.36,1,2.0,4.788489208633093,1
C10944,42,38,53.24,0,1,25.8,Anual,Transferencia,Cable,2023.12,0,0.0,2.063565891472868,0
C10945,35,18,38.1,1,0,26.1,Mensual,Tarjeta,Cable,685.8,0,0.6666666666666666,1.4597701149425286,0
C10946,43,33,53.79,1,1,23.9,Bianual,Efectivo,Cable,1775.07,0,0.36363636363636365,2.2506276150627618,0
C10947,18,6,35.51,1,0,24.2,Bianual,Débito automático,Fibra,213.06,0,2.0,1.4673553719008263,1
C10948,44,3,63.41,1,2,21.1,Anual,Transferencia,Cable,190.23,0,4.0,3.0052132701421796,1
C10949,18,26,62.24,3,0,22.8,Mensual,Transferencia,Inalámbrico,1618.24,1,1.3846153846153848,2.729824561403509,0
C10950,18,9,72.29,0,1,20.5,Anual,Efectivo,Fibra,650.61,0,0.0,3.5263414634146346,0
C10951,44,26,61.7,4,1,30.6,Bianual,Débito automático,Cable,1604.2,0,1.8461538461538463,2.0163398692810457,0
C10952,45,26,70.22,3,0,39.8,Mensual,Débito automático,Cable,1825.72,0,1.3846153846153848,1.764321608040201,0
C10953,25,24,47.29,1,1,23.4,Bianual,Tarjeta,Fibra,1134.96,0,0.5,2.020940170940171,0
C10954,30,46,45.73,2,1,21.9,Mensual,Tarjeta,Inalámbrico,2103.58,1,0.5217391304347826,2.0881278538812786,0
C10955,55,84,65.76,1,0,24.0,Bianual,Tarjeta,Inalámbrico,5523.84,0,0.14285714285714285,2.74,0
C10956,33,31,47.79,2,0,16.7,Anual,Efectivo,Cable,1481.49,0,0.7741935483870968,2.861676646706587,0
C10957,66,71,65.22,4,1,28.1,Mensual,Tarjeta,Fibra,4630.62,1,0.676056338028169,2.320996441281139,0
C10958,39,18,39.05,2,0,25.5,Mensual,Débito automático,Fibra,702.9,0,1.3333333333333333,1.5313725490196077,0
C10959,44,8,42.9,0,0,18.6,Mensual,Tarjeta,Cable,343.2,0,0.0,2.3064516129032255,0
C10960,58,14,68.87,1,1,,Mensual,Efectivo,Fibra,964.18,1,0.8571428571428571,,0
C10961,41,19,,1,3,22.2,Bianual,Tarjeta,Fibra,1305.87,0,0.6315789473684211,,0
C10962,27,75,96.8125,1,0,14.2,Mensual,Transferencia,Fibra,2807.25,0,0.16,6.817781690140845,0
C10963,38,25,64.8,1,2,24.8,Bianual,Transferencia,Fibra,1620.0,0,0.48,2.6129032258064515,0
C10964,39,48,46.98,8,1,23.9,Mensual,Efectivo,Cable,2255.04,1,2.0,1.9656903765690377,0
C10965,23,17,51.54,5,3,29.7,Anual,Transferencia,Cable,876.18,1,3.5294117647058822,1.7353535353535354,0
C10966,36,16,75.53,6,2,28.7,Bianual,Transferencia,Fibra,1208.48,1,4.5,2.631707317073171,0
C10967,30,6,65.01,1,2,21.1,Anual,Efectivo,Cable,390.06,0,2.0,3.081042654028436,1
C10968,50,74,69.44,1,1,18.2,Bianual,Débito automático,Fibra,5138.56,0,0.16216216216216214,3.8153846153846156,0
C10969,39,58,83.6,2,0,22.0,Bianual,Débito automático,Fibra,4848.8,0,0.4137931034482759,3.8,0
C10970,36,28,43.72,2,0,24.9,Anual,Efectivo,Fibra,1224.16,0,0.8571428571428571,1.755823293172691,0
C10971,38,20,39.95,1,0,25.9,Anual,Transferencia,Fibra,799.0,0,0.6,1.5424710424710426,0
C10972,42,25,44.83,0,2,24.4,Mensual,Débito automático,Fibra,1120.75,0,0.0,1.8372950819672131,0
C10973,46,8,52.76,0,1,21.3,Mensual,Transferencia,Cable,422.08,1,0.0,2.476995305164319,0
C10974,27,33,20.0,4,0,30.0,Mensual,Débito automático,Fibra,660.0,0,1.4545454545454546,0.6666666666666666,0
C10975,27,55,49.1,3,2,16.6,Anual,Débito automático,Cable,2700.5,0,0.6545454545454545,2.9578313253012047,0
C10976,52,57,49.79,0,2,41.8,Anual,Tarjeta,Fibra,2838.03,0,0.0,1.1911483253588517,0
C10977,34,6,65.58,2,1,28.1,Anual,Tarjeta,Cable,393.48,1,4.0,2.3338078291814943,1
C10978,22,47,56.35,3,1,13.0,Bianual,Efectivo,Cable,2648.45,0,0.7659574468085106,4.334615384615384,0
C10979,44,8,47.11,1,1,23.5,Mensual,Efectivo,Fibra,376.88,0,1.5,2.0046808510638296,0
C10980,45,3,65.2,2,2,28.2,Bianual,Efectivo,Cable,195.6,0,8.0,2.3120567375886525,1
C10981,21,48,61.68,1,0,19.2,Mensual,Débito automático,Cable,2960.64,0,0.25,3.2125,0
C10982,42,16,44.13,1,1,10.0,Mensual,Transferencia,Fibra,706.08,0,0.75,4.413,0
C10983,48,44,49.64,3,0,13.7,Anual,Transferencia,Cable,2184.16,0,0.8181818181818182,3.623357664233577,0
C10984,43,42,22.51,1,1,26.3,Mensual,Transferencia,Cable,945.42,0,0.2857142857142857,0.8558935361216731,0
C10985,47,38,40.45,3,0,8.0,Anual,Tarjeta,Fibra,1537.1,0,0.9473684210526316,5.05625,0
C10986,22,25,39.92,4,1,10.4,Anual,Transferencia,Inalámbrico,998.0,1,1.92,3.8384615384615386,0
C10987,43,9,57.0,1,2,26.3,Anual,Débito automático,Fibra,513.0,1,1.3333333333333333,2.167300380228137,0
C10988,35,19,39.87,0,0,20.2,Mensual,Tarjeta,Cable,757.53,0,0.0,1.9737623762376237,0
C10989,33,57,45.89,2,1,16.4,Mensual,Débito automático,Inalámbrico,2615.73,1,0.42105263157894735,2.7981707317073172,0
C10990,49,45,38.89,3,2,18.0,Mensual,Débito automático,Inalámbrico,1750.05,0,0.8,2.160555555555556,0
C10991,57,20,61.68,1,2,10.2,Mensual,Tarjeta,Cable,1233.6,1,0.6,6.0470588235294125,0
C10992,61,20,66.42,1,2,25.9,Mensual,Débito automático,Cable,1328.4,0,0.6,2.5644787644787645,0
C10993,55,36,64.69,1,0,15.5,Mensual,Efectivo,Fibra,2328.84,0,0.3333333333333333,4.1735483870967744,0
C10994,38,26,54.93,1,0,17.7,Anual,Transferencia,Fibra,1428.18,0,0.46153846153846156,3.103389830508475,0
C10995,43,21,32.77,3,1,24.8,Bianual,Tarjeta,Inalámbrico,688.17,0,1.7142857142857142,1.3213709677419356,0
C10996,48,34,47.74,2,2,19.9,Anual,Tarjeta,Fibra,1623.16,0,0.7058823529411764,2.398994974874372,0
C10997,40,33,49.09,1,1,16.4,Mensual,Efectivo,Inalámbrico,1619.97,1,0.36363636363636365,2.9932926829268296,0
C10998,41,15,49.38,2,2,6.1,Anual,Tarjeta,Fibra,740.7,0,1.6,8.095081967213115,0
C10999,49,30,58.39,1,2,24.9,Mensual,Transferencia,Fibra,1751.7,1,0.4,2.344979919678715,0
C11000,38,32,76.12,1,1,22.6,Mensual,Débito automático,Fibra,2435.84,0,0.375,3.3681415929203538,0
C11001,30,24,65.08,4,4,,Mensual,Efectivo,Cable,1561.92,1,2.0,,0
C11002,34,13,39.01,1,1,13.7,Bianual,Efectivo,Fibra,507.13,0,0.9230769230769231,2.8474452554744527,0
C11003,47,19,66.99,3,1,22.1,Anual,Débito automático,Fibra,1272.81,0,1.8947368421052633,3.031221719457013,0
C11004,39,11,64.57,2,0,25.8,Mensual,Tarjeta,Inalámbrico,710.27,1,2.181818181818182,2.5027131782945733,0
C11005,43,31,43.8,0,0,22.8,Anual,Tarjeta,Cable,1357.8,0,0.0,1.9210526315789471,0
C11006,47,6,69.54,3,0,35.1,Bianual,Efectivo,Cable,417.24,0,6.0,1.9811965811965813,1
C11007,35,61,51.64,0,0,27.6,Mensual,Transferencia,Fibra,3150.04,0,0.0,1.8710144927536232,0
C11008,48,53,35.89,2,0,21.1,Anual,Tarjeta,Fibra,1902.17,0,0.45283018867924524,1.700947867298578,0
C11009,44,32,62.95,0,2,27.9,Mensual,Débito automático,Cable,2014.4,1,0.0,2.256272401433692,0
C11010,24,43,54.77,0,1,22.4,Mensual,Tarjeta,Fibra,2355.11,0,0.0,2.445089285714286,0
C11011,56,41,55.46,3,1,22.4,Bianual,Transferencia,Fibra,2273.86,0,0.8780487804878049,2.475892857142857,0
C11012,33,27,53.03,2,1,32.4,Mensual,Transferencia,Inalámbrico,1431.81,1,0.8888888888888888,1.6367283950617284,0
C11013,19,21,39.58,1,0,14.8,Anual,Efectivo,Fibra,831.18,0,0.5714285714285714,2.674324324324324,0
C11014,26,19,61.13,2,2,22.2,Mensual,Tarjeta,Inalámbrico,1161.47,0,1.2631578947368423,2.753603603603604,0
C11015,27,62,51.56,2,1,31.5,Anual,Tarjeta,Fibra,3196.72,0,0.3870967741935484,1.636825396825397,0
C11016,40,13,,0,1,24.5,Anual,Débito automático,Fibra,750.1,0,0.0,,0
C11017,36,13,59.64,1,0,19.0,Bianual,Débito automático,Fibra,775.32,0,0.9230769230769231,3.1389473684210527,0
C11018,35,46,36.73,2,1,8.4,Anual,Transferencia,Inalámbrico,1689.58,0,0.5217391304347826,4.372619047619047,0
C11019,46,43,43.17,1,1,3.8,Anual,Tarjeta,Cable,1856.31,0,0.27906976744186046,11.360526315789475,0
C11020,43,20,,1,2,38.6,Mensual,Transferencia,Cable,454.8,0,0.6,,0
C11021,43,35,64.36,3,1,24.5,Mensual,Tarjeta,Fibra,2252.6,0,1.0285714285714287,2.626938775510204,0
C11022,44,38,37.94,1,3,17.3,Anual,Tarjeta,Inalámbrico,1441.72,0,0.31578947368421056,2.1930635838150287,0
C11023,46,8,58.57,1,2,24.8,Mensual,Tarjeta,Cable,468.56,0,1.5,2.361693548387097,0
C11024,18,55,,0,6,14.4,Mensual,Tarjeta,Cable,3063.5,0,0.0,,0
C11025,35,38,63.09,4,1,19.4,Bianual,Transferencia,Cable,2397.42,0,1.2631578947368423,3.2520618556701035,0
C11026,18,33,32.08,4,0,14.5,Mensual,Tarjeta,Cable,1058.64,0,1.4545454545454546,2.212413793103448,0
C11027,39,38,53.99,1,0,10.7,Mensual,Débito automático,Cable,2051.62,0,0.31578947368421056,5.045794392523365,0
C11028,39,30,80.02,2,1,5.2,Bianual,Transferencia,Fibra,2400.6,0,0.8,15.388461538461538,0
C11029,52,23,83.67,0,0,9.2,Anual,Transferencia,Inalámbrico,1924.41,0,0.0,9.094565217391306,0
C11030,53,27,73.0,1,0,30.2,Anual,Tarjeta,Fibra,1971.0,0,0.4444444444444444,2.4172185430463577,0
C11031,41,7,60.49,6,3,14.1,Mensual,Débito automático,Inalámbrico,423.43,1,10.285714285714285,4.290070921985816,0
C11032,33,78,38.51,1,0,26.3,Mensual,Tarjeta,Fibra,3003.78,0,0.15384615384615385,1.4642585551330798,0
C11033,45,23,67.13,0,1,29.7,Anual,Tarjeta,Fibra,1543.99,0,0.0,2.26026936026936,0
C11034,33,77,51.22,1,3,22.1,Mensual,Efectivo,Fibra,3943.94,0,0.15584415584415584,2.317647058823529,0
C11035,39,27,63.38,2,0,19.6,Anual,Efectivo,Cable,1711.26,0,0.8888888888888888,3.233673469387755,0
C11036,51,16,48.24,3,1,23.1,Mensual,Débito automático,Fibra,771.84,0,2.25,2.088311688311688,0
C11037,32,54,50.77,4,2,18.7,Mensual,Transferencia,Inalámbrico,2741.58,0,0.8888888888888888,2.714973262032086,0
C11038,49,32,59.73,4,0,31.6,Mensual,Transferencia,Cable,1911.36,0,1.5,1.8901898734177214,0
C11039,47,84,60.5,4,1,37.0,Mensual,Tarjeta,Fibra,5082.0,0,0.5714285714285714,1.635135135135135,0
C11040,28,15,59.85,0,2,33.6,Mensual,Transferencia,Cable,897.75,1,0.0,1.78125,0
C11041,51,56,49.04,2,1,4.8,Anual,Transferencia,Cable,2746.24,0,0.42857142857142855,10.216666666666667,0
C11042,47,58,36.66,2,3,18.5,Anual,Transferencia,Inalámbrico,2126.28,0,0.4137931034482759,1.9816216216216214,0
C11043,40,40,79.57,2,1,22.0,Mensual,Tarjeta,Fibra,3182.8,0,0.6,3.6168181818181817,0
C11044,30,58,90.24,0,1,25.7,Anual,Débito automático,Inalámbrico,5233.92,0,0.0,3.511284046692607,0
C11045,29,23,59.38,0,0,8.2,Mensual,Tarjeta,Fibra,1365.74,0,0.0,7.241463414634147,0
C11046,33,13,33.73,0,1,8.1,Mensual,Tarjeta,Cable,438.49,0,0.0,4.164197530864198,0
C11047,46,17,44.98,2,0,32.5,Bianual,Débito automático,Cable,764.66,0,1.4117647058823528,1.384,0
C11048,28,26,60.08,0,0,17.5,Anual,Efectivo,Fibra,1562.08,0,0.0,3.433142857142857,0
C11049,44,41,76.24,1,2,10.1,Anual,Transferencia,Fibra,3125.84,0,0.29268292682926833,7.548514851485148,0
C11050,24,14,33.33,2,0,13.2,Mensual,Efectivo,Cable,466.62,0,1.7142857142857142,2.525,0
C11051,37,19,52.65,7,0,25.1,Mensual,Tarjeta,Fibra,1000.35,0,4.421052631578948,2.097609561752988,0
C11052,40,15,58.14,5,0,15.4,Anual,Débito automático,Fibra,872.1,0,4.0,3.775324675324675,0
C11053,68,46,74.61,2,1,23.9,Anual,Tarjeta,Fibra,3432.06,0,0.5217391304347826,3.1217573221757324,0
C11054,22,77,45.91,2,0,14.2,Anual,Débito automático,Cable,3535.07,0,0.3116883116883117,3.233098591549296,0
C11055,57,11,35.65,2,0,8.0,Bianual,Tarjeta,Fibra,392.15,0,2.181818181818182,4.45625,0
C11056,41,36,64.75,1,2,33.4,Mensual,Efectivo,Fibra,2331.0,0,0.3333333333333333,1.938622754491018,0
C11057,44,50,72.99,2,2,25.2,Anual,Transferencia,Inalámbrico,3649.5,0,0.48,2.8964285714285714,0
C11058,40,22,53.96,1,2,19.3,Anual,Tarjeta,Cable,1187.12,0,0.5454545454545455,2.795854922279793,0
C11059,44,8,62.2,1,2,17.8,Mensual,Transferencia,Cable,497.6,1,1.5,3.49438202247191,0
C11060,37,54,47.39,1,0,33.7,Mensual,Débito automático,Cable,2559.06,0,0.2222222222222222,1.4062314540059346,0
C11061,56,7,46.19,0,2,26.7,Anual,Tarjeta,Fibra,323.33,0,0.0,1.7299625468164794,0
C11062,34,64,69.22,2,0,31.2,Mensual,Débito automático,Fibra,4430.08,0,0.375,2.2185897435897437,0
C11063,53,14,64.0,2,0,17.3,Anual,Tarjeta,Fibra,896.0,1,1.7142857142857142,3.699421965317919,0
C11064,31,6,60.49,0,2,22.4,Anual,Efectivo,Fibra,362.94,0,0.0,2.700446428571429,1
C11065,38,18,77.27,1,2,25.2,Mensual,Efectivo,Fibra,1390.86,0,0.6666666666666666,3.066269841269841,0
C11066,26,24,36.16,2,0,17.6,Mensual,Transferencia,Cable,867.84,0,1.0,2.0545454545454542,0
C11067,44,28,47.84,2,0,21.2,Anual,Efectivo,Fibra,1339.52,0,0.8571428571428571,2.256603773584906,0
C11068,56,38,,2,1,17.3,Mensual,Efectivo,Fibra,2327.5,1,0.6315789473684211,,0
C11069,38,30,46.28,2,0,25.2,Bianual,Efectivo,Inalámbrico,1388.4,0,0.8,1.8365079365079366,0
C11070,37,73,66.26,2,2,11.4,Mensual,Transferencia,Fibra,4836.98,0,0.32876712328767127,5.8122807017543865,0
C11071,26,24,49.17,2,2,26.6,Bianual,Efectivo,Cable,1180.08,0,1.0,1.8484962406015037,0
C11072,36,31,39.39,2,1,24.5,Mensual,Transferencia,Fibra,1221.09,0,0.7741935483870968,1.6077551020408163,0
C11073,20,29,51.59,0,0,20.4,Mensual,Tarjeta,Cable,1496.11,0,0.0,2.5289215686274513,0
C11074,28,6,55.0,3,0,25.6,Anual,Tarjeta,Fibra,330.0,0,6.0,2.1484375,1
C11075,42,10,69.68,5,2,19.1,Mensual,Efectivo,Fibra,696.8,1,6.0,3.648167539267016,0
C11076,55,26,64.55,1,1,16.6,Mensual,Débito automático,Cable,1678.3,1,0.46153846153846156,3.8885542168674694,0
C11077,73,34,69.71,1,0,26.3,Mensual,Tarjeta,Fibra,2370.14,1,0.3529411764705882,2.650570342205323,0
C11078,32,4,58.16,2,0,26.7,Anual,Transferencia,Fibra,232.64,1,6.0,2.1782771535580525,1
C11079,56,75,56.06,0,1,17.9,Anual,Tarjeta,Fibra,4204.5,0,0.0,3.1318435754189946,0
C11080,42,35,44.92,3,1,17.3,Mensual,Transferencia,Cable,1572.2,0,1.0285714285714287,2.5965317919075144,0
C11081,37,25,58.84,0,1,20.5,Mensual,Efectivo,Fibra,1471.0,0,0.0,2.8702439024390247,0
C11082,44,34,51.12,2,1,17.6,Mensual,Efectivo,Cable,1738.08,0,0.7058823529411764,2.9045454545454543,0
C11083,40,17,80.55,1,1,34.2,Bianual,Efectivo,Cable,1369.35,0,0.7058823529411764,2.3552631578947367,0
C11084,40,28,75.33,1,0,24.5,Mensual,Efectivo,Cable,2109.24,0,0.42857142857142855,3.07469387755102,0
C11085,34,32,63.31,1,1,22.1,Anual,Tarjeta,Cable,2025.92,1,0.375,2.864705882352941,0
C11086,22,54,56.74,0,1,14.5,Mensual,Transferencia,Fibra,3063.96,0,0.0,3.913103448275862,0
C11087,20,22,49.28,1,1,27.9,Anual,Tarjeta,Inalámbrico,1084.16,0,0.5454545454545455,1.7663082437275988,0
C11088,47,8,37.89,4,2,17.1,Bianual,Débito automático,Fibra,303.12,1,6.0,2.2157894736842105,0
C11089,36,13,51.04,0,0,16.8,Mensual,Débito automático,Fibra,663.52,0,0.0,3.038095238095238,0
C11090,32,21,54.88,1,1,28.2,Anual,Tarjeta,Cable,1152.48,0,0.5714285714285714,1.946099290780142,0
C11091,39,8,58.41,3,1,25.1,Mensual,Tarjeta,Cable,467.28,1,4.5,2.3270916334661353,0
C11092,49,12,64.31,2,2,2.0,Anual,Transferencia,Fibra,771.72,1,2.0,32.155,0
C11093,41,13,69.25,0,0,20.7,Mensual,Débito automático,Inalámbrico,900.25,0,0.0,3.345410628019324,0
C11094,31,20,42.75,0,1,23.0,Mensual,Tarjeta,Inalámbrico,855.0,0,0.0,1.858695652173913,0
C11095,54,35,48.17,1,1,19.3,Mensual,Transferencia,Fibra,1685.95,1,0.34285714285714286,2.4958549222797926,0
C11096,58,19,81.1,1,2,23.3,Mensual,Transferencia,Cable,1540.9,0,0.6315789473684211,3.4806866952789695,0
C11097,45,37,67.91,0,0,7.5,Bianual,Efectivo,Cable,2512.67,0,0.0,9.054666666666666,0
C11098,51,25,51.87,4,0,1.0,Anual,Efectivo,Inalámbrico,1296.75,0,1.92,51.87,0
C11099,54,12,56.81,0,1,14.2,Mensual,Tarjeta,Cable,681.72,0,0.0,4.000704225352113,0
C11100,53,32,56.65,1,0,24.3,Mensual,Débito automático,Fibra,1812.8,0,0.375,2.331275720164609,0
C11101,46,29,57.05,5,1,1.0,Anual,Tarjeta,Cable,1654.45,0,2.0689655172413794,57.05,0
C11102,46,37,63.67,3,1,15.3,Mensual,Débito automático,Fibra,2355.79,0,0.9729729729729729,4.161437908496732,0
C11103,45,42,94.37,1,0,6.6,Mensual,Tarjeta,Cable,3963.54,0,0.2857142857142857,14.29848484848485,0
C11104,26,55,54.83,1,1,20.1,Anual,Transferencia,Cable,3015.65,0,0.2181818181818182,2.727860696517413,0
C11105,47,36,66.75,1,2,37.7,Mensual,Transferencia,Cable,2403.0,0,0.3333333333333333,1.7705570291777186,0
C11106,23,28,25.99,1,2,20.3,Mensual,Efectivo,Fibra,727.72,1,0.42857142857142855,1.280295566502463,0
C11107,29,37,45.4,0,1,21.1,Mensual,Tarjeta,Fibra,1679.8,0,0.0,2.1516587677725116,0
C11108,55,18,77.08,2,2,28.7,Mensual,Transferencia,Cable,1387.44,1,1.3333333333333333,2.685714285714286,0
C11109,49,17,63.3,0,1,22.2,Anual,Tarjeta,Fibra,1076.1,1,0.0,2.8513513513513513,0
C11110,57,60,20.0,3,0,20.3,Anual,Transferencia,Fibra,1200.0,0,0.6,0.9852216748768473,0
C11111,36,16,64.39,3,2,29.4,Bianual,Débito automático,Fibra,1030.24,0,2.25,2.1901360544217687,0
C11112,25,13,80.52,0,0,25.8,Mensual,Transferencia,Inalámbrico,1046.76,1,0.0,3.1209302325581394,0
C11113,36,36,24.34,0,0,24.3,Anual,Transferencia,Fibra,876.24,0,0.0,1.0016460905349793,0
C11114,40,18,77.99,4,1,20.9,Bianual,Efectivo,Cable,1403.82,0,2.6666666666666665,3.731578947368421,0
C11115,40,42,20.0,2,4,19.2,Anual,Transferencia,Cable,840.0,0,0.5714285714285714,1.0416666666666667,0
C11116,53,53,72.26,1,3,29.3,Bianual,Débito automático,Inalámbrico,3829.78,0,0.22641509433962262,2.4662116040955633,0
C11117,35,14,53.92,5,1,19.3,Bianual,Transferencia,Cable,754.88,1,4.285714285714286,2.793782383419689,0
C11118,43,39,20.64,3,3,31.9,Anual,Débito automático,Fibra,804.96,0,0.9230769230769231,0.6470219435736677,0
C11119,27,16,58.9,1,0,13.6,Bianual,Débito automático,Fibra,942.4,0,0.75,4.330882352941177,0
C11120,44,21,73.38,3,3,33.5,Anual,Transferencia,Fibra,1540.98,1,1.7142857142857142,2.19044776119403,0
C11121,39,31,60.43,1,2,25.8,Mensual,Transferencia,Inalámbrico,1873.33,1,0.3870967741935484,2.342248062015504,0
C11122,30,17,61.67,1,0,14.3,Bianual,Efectivo,Cable,1048.39,0,0.7058823529411764,4.312587412587413,0
C11123,36,29,96.8125,2,1,26.1,Anual,Efectivo,Cable,1394.9,0,0.8275862068965518,3.7092911877394634,0
C11124,37,23,26.59,2,2,16.8,Mensual,Tarjeta,Cable,611.57,0,1.0434782608695652,1.5827380952380952,0
C11125,36,43,64.66,3,0,22.3,Mensual,Tarjeta,Inalámbrico,2780.38,0,0.8372093023255813,2.8995515695067264,0
C11126,60,43,86.05,1,4,18.1,Mensual,Tarjeta,Inalámbrico,3700.15,1,0.27906976744186046,4.754143646408839,0
C11127,38,17,71.68,2,2,20.9,Bianual,Efectivo,Cable,1218.56,0,1.4117647058823528,3.4296650717703354,0
C11128,36,31,24.46,1,0,29.5,Mensual,Efectivo,Fibra,758.26,0,0.3870967741935484,0.8291525423728814,0
C11129,18,47,27.42,2,0,26.1,Mensual,Tarjeta,Fibra,1288.74,0,0.5106382978723405,1.0505747126436782,0
C11130,28,11,39.75,5,1,13.0,Mensual,Transferencia,Cable,437.25,1,5.454545454545455,3.0576923076923075,0
C11131,36,22,,4,2,13.5,Mensual,Efectivo,Cable,668.58,1,2.181818181818182,,0
C11132,31,30,53.79,1,0,,Bianual,Débito automático,Cable,1613.7,0,0.4,,0
C11133,56,11,64.78,4,1,24.7,Mensual,Tarjeta,Fibra,712.58,1,4.363636363636364,2.622672064777328,0
C11134,37,18,33.06,0,2,16.6,Mensual,Tarjeta,Cable,595.08,1,0.0,1.991566265060241,0
C11135,54,68,70.08,1,1,,Mensual,Transferencia,Fibra,4765.44,0,0.1764705882352941,,0
C11136,40,16,64.22,3,0,28.5,Anual,Efectivo,Fibra,1027.52,0,2.25,2.2533333333333334,0
C11137,39,18,46.75,3,0,17.0,Anual,Tarjeta,Inalámbrico,841.5,0,2.0,2.75,0
C11138,38,36,52.15,0,2,16.2,Mensual,,Cable,1877.4,0,0.0,3.2191358024691357,0
C11139,39,10,25.72,1,0,20.2,Mensual,Débito automático,Fibra,257.2,0,1.2,1.2732673267326733,0
C11140,60,23,54.82,2,0,19.3,Bianual,Transferencia,Fibra,1260.86,0,1.0434782608695652,2.8404145077720204,0
C11141,18,13,50.25,2,1,32.0,Anual,Tarjeta,Cable,653.25,1,1.8461538461538463,1.5703125,0
C11142,18,29,52.67,1,1,29.9,Anual,Transferencia,Fibra,1527.43,0,0.4137931034482759,1.7615384615384617,0
C11143,32,1,59.04,3,1,22.3,Mensual,Tarjeta,Fibra,59.04,1,12.0,2.6475336322869953,1
C11144,39,26,58.63,1,1,27.4,Bianual,Transferencia,Cable,1524.38,0,0.46153846153846156,2.1397810218978104,0
C11145,47,31,52.84,1,2,,Anual,Transferencia,Cable,1638.04,0,0.3870967741935484,,0
C11146,45,19,60.64,1,1,22.5,Mensual,Tarjeta,Fibra,1152.16,0,0.6315789473684211,2.6951111111111112,0
C11147,34,20,68.85,4,2,25.2,Bianual,Tarjeta,Cable,1377.0,1,2.4,2.732142857142857,0
C11148,51,17,56.3,2,1,26.8,Bianual,Débito automático,Cable,957.1,0,1.4117647058823528,2.1007462686567164,0
C11149,51,23,62.49,2,1,25.9,Anual,Débito automático,Fibra,1437.27,0,1.0434782608695652,2.412741312741313,0
C11150,41,61,52.64,1,1,15.8,Anual,Tarjeta,Fibra,3211.04,0,0.19672131147540986,3.331645569620253,0
C11151,51,44,48.03,0,1,16.6,Mensual,Efectivo,Fibra,2113.32,0,0.0,2.8933734939759033,0
C11152,42,23,63.5,2,1,19.7,Mensual,Tarjeta,Fibra,1460.5,1,1.0434782608695652,3.223350253807107,0
C11153,32,18,45.03,2,0,16.3,Mensual,Débito automático,Cable,810.54,0,1.3333333333333333,2.7625766871165642,0
C11154,47,41,62.6,3,0,10.2,Anual,Débito automático,Fibra,2566.6,0,0.8780487804878049,6.137254901960785,0
C11155,40,28,55.62,1,1,27.4,Mensual,Efectivo,Inalámbrico,1557.36,1,0.42857142857142855,2.02992700729927,0
C11156,39,11,50.41,0,2,24.8,Mensual,Efectivo,Fibra,554.51,1,0.0,2.0326612903225802,0
C11157,57,21,54.19,1,0,11.3,Bianual,Transferencia,Cable,1137.99,0,0.5714285714285714,4.795575221238938,0
C11158,18,57,42.52,2,0,20.1,Mensual,Tarjeta,Cable,2423.64,0,0.42105263157894735,2.1154228855721393,0
C11159,22,35,26.37,2,0,20.5,Anual,Transferencia,Cable,922.95,0,0.6857142857142857,1.2863414634146342,0
C11160,25,19,57.49,2,2,23.5,Mensual,Tarjeta,Inalámbrico,1092.31,1,1.2631578947368423,2.4463829787234044,0
C11161,35,7,57.52,2,0,13.3,Mensual,Efectivo,Cable,402.64,1,3.4285714285714284,4.324812030075188,0
C11162,36,29,67.03,3,1,11.2,Mensual,Transferencia,Fibra,1943.87,1,1.2413793103448276,5.984821428571429,0
C11163,21,25,42.86,1,2,26.2,Mensual,Tarjeta,Inalámbrico,1071.5,0,0.48,1.6358778625954198,0
C11164,27,22,80.64,3,2,9.7,Mensual,Transferencia,Inalámbrico,1774.08,1,1.6363636363636365,8.31340206185567,0
C11165,29,41,46.97,5,2,20.1,Mensual,Débito automático,Inalámbrico,1925.77,0,1.4634146341463414,2.33681592039801,0
C11166,68,35,48.51,3,2,19.4,Anual,Transferencia,Fibra,1697.85,0,1.0285714285714287,2.5005154639175258,0
C11167,61,7,45.12,1,1,21.0,Mensual,Transferencia,Fibra,315.84,0,1.7142857142857142,2.1485714285714286,0
C11168,34,25,27.81,1,1,24.0,Mensual,Débito automático,Fibra,695.25,0,0.48,1.15875,0
C11169,35,9,77.04,2,0,34.8,Mensual,Tarjeta,Cable,693.36,0,2.6666666666666665,2.213793103448276,0
C11170,25,17,72.32,4,1,9.2,Mensual,Efectivo,Fibra,1229.44,1,2.8235294117647056,7.860869565217391,0
C11171,18,8,59.15,1,1,29.0,Mensual,Transferencia,Fibra,473.2,0,1.5,2.0396551724137932,0
C11172,38,9,41.3,3,2,1.9,Mensual,Tarjeta,Cable,371.7,1,4.0,21.736842105263158,0
C11173,27,31,79.38,5,0,33.1,Anual,Débito automático,Fibra,2460.78,0,1.9354838709677418,2.3981873111782477,0
C11174,38,29,49.46,3,2,5.7,Anual,Transferencia,Cable,1434.34,0,1.2413793103448276,8.67719298245614,0
C11175,20,24,46.56,3,0,41.5,Bianual,Transferencia,Fibra,1117.44,0,1.5,1.1219277108433736,0
C11176,30,16,74.46,2,0,18.9,Anual,Tarjeta,Inalámbrico,1191.36,0,1.5,3.9396825396825395,0
C11177,41,8,,1,0,32.3,Mensual,Débito automático,Fibra,522.48,0,1.5,,0
C11178,43,17,88.91,4,0,30.7,Mensual,Débito automático,Cable,1511.47,1,2.8235294117647056,2.8960912052117265,0
C11179,44,29,59.85,2,1,18.5,Mensual,Tarjeta,Cable,1735.65,0,0.8275862068965518,3.235135135135135,0
C11180,23,29,45.33,0,0,19.1,Anual,Transferencia,Fibra,1314.57,0,0.0,2.3732984293193713,0
C11181,49,56,48.09,1,2,15.3,Mensual,Tarjeta,Fibra,2693.04,0,0.21428571428571427,3.1431372549019607,0
C11182,29,51,24.97,2,2,28.3,Mensual,Efectivo,Inalámbrico,1273.47,0,0.47058823529411764,0.8823321554770317,0
C11183,47,25,52.63,3,0,18.6,Bianual,Transferencia,Cable,1315.75,0,1.44,2.8295698924731183,0
C11184,39,17,72.14,1,3,15.4,Mensual,Tarjeta,Fibra,1226.38,1,0.7058823529411764,4.684415584415584,0
C11185,22,13,60.04,3,1,26.3,Mensual,Transferencia,Cable,780.52,0,2.7692307692307696,2.282889733840304,0
C11186,35,7,54.35,2,2,14.8,Bianual,Débito automático,Fibra,380.45,0,3.4285714285714284,3.6722972972972974,0
C11187,43,10,40.97,3,0,19.4,Mensual,Transferencia,Fibra,409.7,0,3.5999999999999996,2.111855670103093,0
C11188,46,29,59.98,2,2,22.9,Mensual,Tarjeta,Fibra,1739.42,0,0.8275862068965518,2.6192139737991265,0
C11189,37,37,69.7,1,1,16.9,Mensual,Débito automático,Fibra,2578.9,0,0.3243243243243243,4.124260355029587,0
C11190,57,20,65.57,2,1,18.1,Mensual,Tarjeta,Fibra,1311.4,0,1.2,3.6226519337016567,0
C11191,51,84,60.23,3,1,34.3,Bianual,Transferencia,Fibra,5059.32,0,0.42857142857142855,1.7559766763848397,0
C11192,36,10,42.33,1,1,20.4,Anual,Transferencia,Fibra,423.3,0,1.2,2.075,0
C11193,48,6,70.05,3,2,,Mensual,Tarjeta,Fibra,420.3,0,6.0,,1
C11194,62,84,20.0,1,0,,Mensual,Tarjeta,Cable,1680.0,0,0.14285714285714285,,0
C11195,63,8,66.23,2,1,25.6,Mensual,Tarjeta,Cable,529.84,0,3.0,2.587109375,0
C11196,24,20,90.07,2,2,13.7,Anual,Tarjeta,Fibra,1801.4,1,1.2,6.574452554744526,0
C11197,28,14,29.81,1,1,25.4,Mensual,Transferencia,Fibra,417.34,0,0.8571428571428571,1.1736220472440946,0
C11198,57,31,55.49,0,0,24.0,Mensual,Débito automático,Cable,1720.19,0,0.0,2.3120833333333333,0
C11199,26,19,51.86,0,0,7.7,Anual,Tarjeta,Cable,985.34,0,0.0,6.735064935064935,0
C11200,23,37,44.35,3,0,,Bianual,Efectivo,Inalámbrico,1640.95,0,0.9729729729729729,,0
C11201,33,42,,3,1,33.7,Bianual,Transferencia,Fibra,2903.88,1,0.8571428571428571,,0
C11202,44,7,63.21,3,1,15.6,Anual,Tarjeta,Fibra,442.47,1,5.142857142857142,4.051923076923077,0
C11203,38,13,57.02,4,1,13.0,Mensual,Transferencia,Fibra,741.26,0,3.6923076923076925,4.386153846153847,0
C11204,31,39,65.09,3,1,23.8,Anual,Tarjeta,Cable,2538.51,0,0.9230769230769231,2.734873949579832,0
C11205,31,47,53.38,0,0,10.6,Bianual,Efectivo,Fibra,2508.86,0,0.0,5.035849056603774,0
C11206,30,27,96.8125,0,0,32.9,Mensual,Transferencia,Fibra,2716.2,0,0.0,2.9426291793313073,0
C11207,28,32,54.71,0,2,18.3,Mensual,Efectivo,Fibra,1750.72,0,0.0,2.9896174863387976,0
C11208,66,58,64.11,2,2,35.0,Mensual,Débito automático,Cable,3718.38,0,0.4137931034482759,1.8317142857142856,0
C11209,43,19,30.23,2,1,15.4,Bianual,Tarjeta,Fibra,574.37,0,1.2631578947368423,1.962987012987013,0
C11210,50,27,49.35,3,3,21.1,Bianual,Débito automático,Cable,1332.45,1,1.3333333333333333,2.338862559241706,0
C11211,33,51,70.8,1,1,32.1,Anual,Tarjeta,Fibra,3610.8,0,0.23529411764705882,2.205607476635514,0
C11212,37,53,34.48,2,1,19.4,Mensual,Tarjeta,Fibra,1827.44,0,0.45283018867924524,1.7773195876288659,0
C11213,30,23,20.54,1,0,24.2,Bianual,Tarjeta,Fibra,472.42,0,0.5217391304347826,0.8487603305785124,0
C11214,18,13,50.62,3,2,30.7,Mensual,Débito automático,Inalámbrico,658.06,1,2.7692307692307696,1.64885993485342,0
C11215,22,23,,0,2,17.6,Mensual,Efectivo,Fibra,1647.26,1,0.0,,0
C11216,18,24,50.78,2,1,11.9,Anual,Débito automático,Fibra,1218.72,0,1.0,4.2672268907563025,0
C11217,18,13,45.1,1,0,10.3,Anual,Efectivo,Inalámbrico,586.3,0,0.9230769230769231,4.378640776699029,0
C11218,25,15,23.87,2,1,26.7,Bianual,Transferencia,Fibra,358.05,0,1.6,0.8940074906367041,0
C11219,55,53,65.43,2,3,25.1,Mensual,Débito automático,Fibra,3467.79,1,0.45283018867924524,2.606772908366534,0
C11220,38,33,64.66,4,2,30.5,Mensual,Débito automático,Fibra,2133.78,0,1.4545454545454546,2.12,0
C11221,54,20,31.69,2,0,19.8,Mensual,Débito automático,Cable,633.8,1,1.2,1.6005050505050504,0
C11222,44,11,73.14,0,0,10.6,Mensual,Transferencia,Fibra,804.54,0,0.0,6.9,0
C11223,48,15,68.53,4,2,3.2,Bianual,Débito automático,Inalámbrico,1027.95,0,3.2,21.415625,0
C11224,28,6,69.42,2,0,44.9,Mensual,Tarjeta,Cable,416.52,0,4.0,1.5461024498886415,1
C11225,45,28,65.1,1,1,26.2,Mensual,Débito automático,Cable,1822.8,1,0.42857142857142855,2.4847328244274807,0
C11226,48,14,66.85,1,0,23.1,Mensual,Débito automático,Fibra,935.9,0,0.8571428571428571,2.8939393939393936,0
C11227,32,29,61.17,1,0,24.2,Anual,Efectivo,Cable,1773.93,0,0.4137931034482759,2.527685950413223,0
C11228,46,38,69.61,0,3,10.5,Bianual,Tarjeta,Inalámbrico,2645.18,0,0.0,6.62952380952381,0
C11229,46,30,29.3,0,0,15.6,Mensual,Tarjeta,Inalámbrico,879.0,0,0.0,1.8782051282051282,0
C11230,32,18,30.84,2,1,35.9,Mensual,Débito automático,Fibra,555.12,0,1.3333333333333333,0.8590529247910864,0
C11231,26,12,40.94,2,1,27.3,Bianual,Débito automático,Cable,491.28,0,2.0,1.4996336996336994,0
C11232,25,9,49.8,0,0,15.9,Anual,Efectivo,Cable,448.2,0,0.0,3.132075471698113,0
C11233,40,50,61.02,3,0,12.2,Mensual,Débito automático,Inalámbrico,3051.0,1,0.72,5.001639344262296,0
C11234,43,29,60.76,1,0,17.9,Mensual,Transferencia,Fibra,1762.04,0,0.4137931034482759,3.3944134078212294,0
C11235,29,19,69.43,1,0,19.5,Bianual,Débito automático,Cable,1319.17,0,0.6315789473684211,3.560512820512821,0
C11236,39,35,72.2,3,1,38.4,Anual,Tarjeta,Cable,2527.0,0,1.0285714285714287,1.8802083333333335,0
C11237,46,45,43.49,1,2,20.5,Mensual,Tarjeta,Inalámbrico,1957.05,0,0.26666666666666666,2.1214634146341464,0
C11238,46,14,60.16,1,2,12.5,Mensual,Transferencia,Cable,842.24,0,0.8571428571428571,4.812799999999999,0
C11239,58,28,46.62,0,0,21.5,Mensual,Transferencia,Inalámbrico,1305.36,0,0.0,2.1683720930232555,0
C11240,54,29,55.6,1,1,24.1,Mensual,Transferencia,Fibra,1612.4,0,0.4137931034482759,2.3070539419087135,0
C11241,27,57,57.04,2,1,11.8,Mensual,Débito automático,Fibra,3251.28,0,0.42105263157894735,4.8338983050847455,0
C11242,59,19,20.0,2,3,25.2,Mensual,Tarjeta,Fibra,380.0,0,1.2631578947368423,0.7936507936507937,0
C11243,33,12,89.76,1,0,31.7,Mensual,Efectivo,Cable,1077.12,0,1.0,2.831545741324921,0
C11244,52,30,66.46,1,2,23.1,Mensual,Tarjeta,Fibra,1993.8,1,0.4,2.8770562770562766,0
C11245,40,37,46.26,3,0,15.6,Mensual,Débito automático,Cable,1711.62,0,0.9729729729729729,2.9653846153846155,0
C11246,34,27,82.73,0,2,17.8,Mensual,Tarjeta,Inalámbrico,2233.71,1,0.0,4.647752808988764,0
C11247,18,59,44.93,2,1,8.7,Anual,Efectivo,Inalámbrico,2650.87,0,0.4067796610169491,5.164367816091954,0
C11248,37,19,56.5,1,0,20.9,Mensual,Transferencia,Cable,1073.5,0,0.6315789473684211,2.7033492822966507,0
C11249,20,27,43.29,2,2,24.5,Bianual,Transferencia,Cable,1168.83,0,0.8888888888888888,1.766938775510204,0
C11250,51,7,82.51,4,1,14.8,Bianual,Tarjeta,Fibra,577.57,1,6.857142857142857,5.575,0
C11251,57,12,57.54,3,0,37.5,Bianual,,Fibra,690.48,0,3.0,1.5344,0
C11252,29,14,54.91,0,1,28.3,Mensual,Transferencia,Cable,768.74,0,0.0,1.9402826855123674,0
C11253,43,21,73.95,1,0,7.7,Mensual,Tarjeta,Cable,1552.95,0,0.5714285714285714,9.603896103896105,0
C11254,30,8,,0,1,7.8,Anual,Tarjeta,Fibra,493.44,0,0.0,,0
C11255,31,35,52.31,2,1,14.1,Mensual,Efectivo,Fibra,1830.85,0,0.6857142857142857,3.7099290780141847,0
C11256,48,13,73.7,5,0,34.6,Mensual,Tarjeta,Cable,958.1,0,4.615384615384616,2.1300578034682083,0
C11257,39,83,93.05,3,1,29.1,Mensual,Tarjeta,Fibra,7723.15,1,0.43373493975903615,3.197594501718213,0
C11258,60,14,64.56,2,0,35.0,Anual,Transferencia,Inalámbrico,903.84,1,1.7142857142857142,1.8445714285714285,0
C11259,33,25,55.34,1,1,22.1,Anual,Transferencia,Fibra,1383.5,1,0.48,2.5040723981900452,0
C11260,51,23,60.29,3,3,20.3,Mensual,Transferencia,Inalámbrico,1386.67,1,1.5652173913043477,2.969950738916256,0
C11261,40,11,74.86,1,0,12.0,Bianual,Efectivo,Cable,823.46,0,1.090909090909091,6.238333333333333,0
C11262,49,21,96.8125,1,2,24.8,Anual,Transferencia,Cable,1013.88,0,0.5714285714285714,3.9037298387096775,0
C11263,34,21,49.65,3,1,20.4,Mensual,Transferencia,Cable,1042.65,0,1.7142857142857142,2.433823529411765,0
C11264,38,42,31.68,1,0,20.1,Mensual,Transferencia,Fibra,1330.56,1,0.2857142857142857,1.5761194029850745,0
C11265,38,31,36.98,2,2,34.9,Mensual,Tarjeta,Fibra,1146.38,0,0.7741935483870968,1.0595988538681949,0
C11266,29,35,44.9,4,2,21.0,Bianual,Efectivo,Inalámbrico,1571.5,0,1.3714285714285714,2.138095238095238,0
C11267,47,41,55.97,2,0,32.6,Anual,Tarjeta,Fibra,2294.77,0,0.5853658536585367,1.7168711656441717,0
C11268,47,35,83.35,2,3,9.3,Anual,Débito automático,Cable,2917.25,1,0.6857142857142857,8.962365591397848,0
C11269,46,28,64.62,0,3,43.5,Anual,Transferencia,Fibra,1809.36,0,0.0,1.4855172413793105,0
C11270,57,14,45.43,5,0,19.0,Mensual,Efectivo,Cable,636.02,0,4.285714285714286,2.3910526315789475,0
C11271,56,27,47.96,4,1,27.7,Bianual,Transferencia,Fibra,1294.92,0,1.7777777777777777,1.7314079422382673,0
C11272,35,12,74.67,2,0,28.9,Bianual,Débito automático,Cable,896.04,0,2.0,2.5837370242214535,0
C11273,43,22,72.79,2,1,18.0,Anual,Transferencia,Cable,1601.38,0,1.090909090909091,4.0438888888888895,0
C11274,32,20,53.78,2,3,28.6,Mensual,Transferencia,Fibra,1075.6,1,1.2,1.8804195804195805,0
C11275,39,21,48.33,0,2,29.0,Mensual,Débito automático,Fibra,1014.93,0,0.0,1.666551724137931,0
C11276,32,8,70.23,2,0,,Mensual,Efectivo,Inalámbrico,561.84,1,3.0,,0
C11277,58,1,44.44,0,0,16.4,Mensual,Transferencia,Cable,44.44,0,0.0,2.709756097560976,1
C11278,43,18,61.77,1,1,22.4,Anual,Tarjeta,Inalámbrico,1111.86,1,0.6666666666666666,2.757589285714286,0
C11279,36,48,88.37,1,1,21.1,Anual,Tarjeta,Cable,4241.76,0,0.25,4.188151658767772,0
C11280,53,25,61.27,2,0,33.1,Bianual,Débito automático,Cable,1531.75,0,0.96,1.8510574018126889,0
C11281,18,45,38.51,1,1,27.6,Mensual,Tarjeta,Cable,1732.95,0,0.26666666666666666,1.3952898550724637,0
C11282,18,12,56.3,1,1,21.4,Mensual,Tarjeta,Inalámbrico,675.6,1,1.0,2.6308411214953273,0
C11283,49,17,50.22,0,2,26.8,Mensual,Tarjeta,Cable,853.74,0,0.0,1.8738805970149253,0
C11284,40,84,34.29,2,0,5.6,Bianual,Débito automático,Fibra,2880.36,0,0.2857142857142857,6.123214285714286,0
C11285,42,13,66.18,0,0,17.1,Anual,Transferencia,Inalámbrico,860.34,0,0.0,3.8701754385964913,0
C11286,23,34,68.06,5,1,24.3,Mensual,Transferencia,Inalámbrico,2314.04,1,1.7647058823529411,2.8008230452674896,0
C11287,39,34,50.31,2,1,30.9,Anual,Débito automático,Fibra,1710.54,0,0.7058823529411764,1.6281553398058255,0
C11288,63,32,54.83,1,2,23.6,Anual,Transferencia,Fibra,1754.56,0,0.375,2.3233050847457624,0
C11289,49,34,42.85,0,1,33.7,Mensual,Débito automático,Cable,1456.9,0,0.0,1.271513353115727,0
C11290,41,13,53.18,1,1,28.9,Mensual,Efectivo,Cable,691.34,1,0.9230769230769231,1.8401384083044983,0
C11291,34,18,45.38,3,1,18.1,Mensual,Transferencia,Fibra,816.84,1,2.0,2.5071823204419887,0
C11292,34,2,38.65,2,0,20.9,Mensual,Efectivo,Cable,77.3,1,8.0,1.8492822966507179,1
C11293,18,58,78.52,1,0,25.3,Anual,Débito automático,Cable,4554.16,0,0.20689655172413796,3.1035573122529643,0
C11294,42,34,62.66,2,2,18.4,Mensual,Tarjeta,Fibra,2130.44,1,0.7058823529411764,3.4054347826086957,0
C11295,49,14,65.86,1,0,34.3,Anual,Tarjeta,Cable,922.04,0,0.8571428571428571,1.9201166180758018,0
C11296,20,12,63.85,0,2,13.1,Anual,Débito automático,Fibra,766.2,0,0.0,4.874045801526718,0
C11297,31,48,64.7,1,0,24.5,Mensual,Transferencia,Cable,3105.6,0,0.25,2.6408163265306124,0
C11298,25,14,45.55,0,3,27.9,Bianual,Transferencia,Fibra,637.7,0,0.0,1.6326164874551972,0
C11299,27,14,56.3,3,2,19.5,Mensual,Tarjeta,Cable,788.2,1,2.571428571428571,2.887179487179487,0
C11300,40,10,51.16,4,0,17.7,Anual,Débito automático,Fibra,511.6,1,4.8,2.8903954802259886,0
C11301,18,39,56.72,2,1,21.4,Mensual,Efectivo,Inalámbrico,2212.08,0,0.6153846153846154,2.6504672897196264,0
C11302,46,45,61.71,3,1,28.5,Anual,Débito automático,Cable,2776.95,0,0.8,2.165263157894737,0
C11303,48,20,51.3,3,1,18.0,Mensual,Transferencia,Fibra,1026.0,0,1.7999999999999998,2.8499999999999996,0
C11304,36,45,34.34,0,0,13.4,Mensual,Débito automático,Inalámbrico,1545.3,0,0.0,2.5626865671641794,0
C11305,18,30,52.33,2,2,31.2,Mensual,Transferencia,Fibra,1569.9,1,0.8,1.6772435897435898,0
C11306,27,10,49.15,2,1,25.2,Anual,Efectivo,Cable,491.5,0,2.4,1.9503968253968254,0
C11307,54,55,30.06,1,0,,Anual,Efectivo,Inalámbrico,1653.3,0,0.2181818181818182,,0
C11308,18,10,57.75,2,2,28.1,Anual,Transferencia,Inalámbrico,577.5,0,2.4,2.0551601423487544,0
C11309,35,21,68.53,3,2,39.4,Mensual,Transferencia,Cable,1439.13,0,1.7142857142857142,1.7393401015228427,0
C11310,25,20,89.68,1,1,30.9,Anual,Tarjeta,Inalámbrico,1793.6,1,0.6,2.902265372168285,0
C11311,49,18,51.4,0,1,16.2,Anual,Transferencia,Fibra,925.2,0,0.0,3.1728395061728394,0
C11312,31,4,45.05,3,1,25.8,Mensual,Efectivo,Fibra,180.2,1,9.0,1.7461240310077517,1
C11313,44,76,39.48,2,1,17.5,Mensual,Tarjeta,Fibra,3000.48,0,0.31578947368421056,2.256,0
C11314,46,5,59.71,2,1,18.4,Mensual,Efectivo,Fibra,298.55,1,4.8,3.245108695652174,1
C11315,61,58,63.06,1,2,10.7,Anual,Tarjeta,Cable,3657.48,0,0.20689655172413796,5.893457943925235,0
C11316,37,12,42.34,2,2,19.7,Mensual,Tarjeta,Fibra,508.08,1,2.0,2.1492385786802033,0
C11317,44,15,53.5,0,1,26.4,Mensual,Efectivo,Cable,802.5,0,0.0,2.026515151515152,0
C11318,21,54,21.15,0,1,21.5,Bianual,Tarjeta,Fibra,1142.1,0,0.0,0.983720930232558,0
C11319,53,32,72.09,1,1,13.2,Bianual,Débito automático,Fibra,2306.88,0,0.375,5.461363636363637,0
C11320,30,8,41.34,0,1,9.8,Mensual,Débito automático,Cable,330.72,1,0.0,4.218367346938775,0
C11321,32,7,52.84,1,1,38.9,Bianual,Transferencia,Fibra,369.88,0,1.7142857142857142,1.3583547557840618,0
C11322,39,29,33.57,1,0,24.6,Mensual,Transferencia,Cable,973.53,0,0.4137931034482759,1.3646341463414633,0
C11323,20,10,41.86,3,0,15.4,Bianual,Tarjeta,Cable,418.6,0,3.5999999999999996,2.7181818181818183,0
C11324,42,33,51.47,2,1,25.7,Mensual,Efectivo,Cable,1698.51,1,0.7272727272727273,2.0027237354085603,0
C11325,51,35,57.56,2,1,39.5,Mensual,Tarjeta,Inalámbrico,2014.6,1,0.6857142857142857,1.4572151898734178,0
C11326,43,13,63.09,2,2,27.0,Bianual,Débito automático,Inalámbrico,820.17,0,1.8461538461538463,2.336666666666667,0
C11327,20,16,72.19,1,0,1.0,Mensual,Débito automático,Fibra,1155.04,0,0.75,72.19,0
C11328,38,30,65.73,0,0,43.2,Anual,Tarjeta,Cable,1971.9,0,0.0,1.5215277777777778,0
C11329,48,13,71.47,0,0,7.2,Mensual,Efectivo,Fibra,929.11,0,0.0,9.926388888888889,0
C11330,18,25,71.83,4,1,20.4,Mensual,Transferencia,Fibra,1795.75,0,1.92,3.5210784313725494,0
C11331,26,84,60.53,1,0,12.9,Bianual,Transferencia,Cable,5084.52,0,0.14285714285714285,4.692248062015504,0
C11332,50,31,56.95,0,1,16.1,Mensual,Tarjeta,Cable,1765.45,0,0.0,3.5372670807453415,0
C11333,42,18,70.8,3,1,24.3,Bianual,Efectivo,Inalámbrico,1274.4,1,2.0,2.91358024691358,0
C11334,44,80,72.22,1,0,5.4,Bianual,Tarjeta,Cable,5777.6,0,0.15,13.374074074074073,0
C11335,61,40,69.76,3,0,21.3,Mensual,Débito automático,Cable,2790.4,0,0.8999999999999999,3.2751173708920187,0
C11336,45,10,34.53,0,3,31.2,Mensual,Transferencia,Cable,345.3,0,0.0,1.1067307692307693,0
C11337,47,12,44.19,4,3,15.3,Mensual,Efectivo,Fibra,530.28,0,4.0,2.8882352941176466,0
C11338,72,5,58.44,1,4,10.9,Mensual,Débito automático,Fibra,292.2,1,2.4,5.361467889908257,1
C11339,36,29,65.97,1,1,20.9,Mensual,Efectivo,Cable,1913.13,0,0.4137931034482759,3.156459330143541,0
C11340,29,3,52.35,2,0,19.3,Mensual,Transferencia,Cable,157.05,1,8.0,2.7124352331606216,1
C11341,44,80,73.17,0,1,17.2,Anual,Transferencia,Fibra,5853.6,0,0.0,4.254069767441861,0
C11342,44,20,75.85,1,1,12.5,Mensual,Transferencia,Fibra,1517.0,0,0.6,6.068,0
C11343,33,42,71.58,1,0,26.2,Anual,Transferencia,Fibra,3006.36,1,0.2857142857142857,2.73206106870229,0
C11344,27,18,70.29,0,0,26.8,Mensual,Débito automático,Cable,1265.22,0,0.0,2.622761194029851,0
C11345,67,29,45.86,0,1,13.5,Mensual,Tarjeta,Fibra,1329.94,0,0.0,3.397037037037037,0
C11346,43,21,63.13,3,1,14.6,Mensual,Transferencia,Fibra,1325.73,0,1.7142857142857142,4.323972602739726,0
C11347,30,24,43.79,0,3,23.1,Mensual,Efectivo,Fibra,1050.96,0,0.0,1.8956709956709956,0
C11348,50,50,32.76,1,0,14.3,Anual,Transferencia,Fibra,1638.0,0,0.24,2.2909090909090906,0
C11349,38,66,50.43,1,2,23.4,Mensual,Débito automático,Cable,3328.38,0,0.18181818181818182,2.1551282051282055,0
C11350,36,63,74.15,1,2,33.7,Anual,,Inalámbrico,4671.45,0,0.19047619047619047,2.2002967359050447,0
C11351,46,84,63.49,1,1,21.5,Anual,Tarjeta,Fibra,5333.16,0,0.14285714285714285,2.9530232558139535,0
C11352,23,14,81.56,1,0,12.3,Mensual,Efectivo,Cable,1141.84,0,0.8571428571428571,6.630894308943089,0
C11353,43,31,58.55,2,3,25.1,Bianual,Transferencia,Cable,1815.05,1,0.7741935483870968,2.332669322709163,0
C11354,62,14,96.8125,1,2,20.6,Bianual,Débito automático,Cable,1357.72,0,0.8571428571428571,4.6996359223300965,0
C11355,45,49,59.01,2,0,20.8,Mensual,Transferencia,Fibra,2891.49,1,0.489795918367347,2.8370192307692306,0
C11356,34,11,54.16,1,1,25.8,Bianual,Tarjeta,Fibra,595.76,0,1.090909090909091,2.0992248062015504,0
C11357,33,51,,0,1,27.5,Mensual,Transferencia,Inalámbrico,1754.4,1,0.0,,0
C11358,34,27,70.48,2,0,22.3,Anual,Transferencia,Inalámbrico,1902.96,0,0.8888888888888888,3.1605381165919284,0
C11359,36,22,46.75,3,2,21.5,Mensual,Transferencia,Fibra,1028.5,1,1.6363636363636365,2.1744186046511627,0
C11360,34,24,44.11,3,2,38.5,Anual,Tarjeta,Cable,1058.64,0,1.5,1.1457142857142857,0
C11361,50,9,76.72,5,1,31.6,Anual,Transferencia,Fibra,690.48,0,6.666666666666667,2.427848101265823,0
C11362,18,10,67.51,2,0,28.7,Bianual,Débito automático,Fibra,675.1,0,2.4,2.3522648083623694,0
C11363,49,28,74.25,3,0,23.0,Bianual,Transferencia,Fibra,2079.0,0,1.2857142857142856,3.2282608695652173,0
C11364,34,27,48.39,2,1,14.0,Mensual,Efectivo,Cable,1306.53,1,0.8888888888888888,3.4564285714285714,0
C11365,44,15,55.36,1,0,31.0,Anual,Tarjeta,Fibra,830.4,0,0.8,1.7858064516129033,0
C11366,25,19,50.85,2,0,23.2,Mensual,Débito automático,Fibra,966.15,0,1.2631578947368423,2.1918103448275863,0
C11367,55,33,70.39,1,1,17.4,Mensual,Tarjeta,Fibra,2322.87,1,0.36363636363636365,4.045402298850575,0
C11368,54,13,81.72,2,1,20.1,Mensual,Transferencia,Fibra,1062.36,1,1.8461538461538463,4.065671641791044,0
C11369,51,5,63.25,1,1,14.3,Bianual,Tarjeta,Fibra,316.25,0,2.4,4.4230769230769225,1
C11370,21,59,80.45,2,1,30.5,Anual,Tarjeta,Cable,4746.55,0,0.4067796610169491,2.637704918032787,0
C11371,49,29,70.73,0,1,27.5,Mensual,Tarjeta,Cable,2051.17,1,0.0,2.572,0
C11372,44,17,52.6,2,0,23.5,Bianual,Tarjeta,Fibra,894.2,0,1.4117647058823528,2.2382978723404254,0
C11373,20,14,63.03,2,0,21.7,Anual,Débito automático,Fibra,882.42,0,1.7142857142857142,2.904608294930876,0
C11374,39,13,80.56,2,0,16.6,Mensual,Tarjeta,Cable,1047.28,0,1.8461538461538463,4.853012048192771,0
C11375,43,49,85.86,2,3,5.0,Mensual,Débito automático,Fibra,4207.14,1,0.489795918367347,17.172,0
C11376,46,8,74.38,2,1,10.7,Anual,Transferencia,Fibra,595.04,0,3.0,6.951401869158879,0
C11377,41,31,55.82,2,1,16.1,Anual,Tarjeta,Inalámbrico,1730.42,0,0.7741935483870968,3.467080745341615,0
C11378,42,31,52.41,1,2,14.9,Mensual,Transferencia,Cable,1624.71,0,0.3870967741935484,3.51744966442953,0
C11379,57,39,67.75,0,2,24.3,Mensual,Tarjeta,Fibra,2642.25,0,0.0,2.788065843621399,0
C11380,54,18,83.53,2,0,28.5,Mensual,Débito automático,Fibra,1503.54,1,1.3333333333333333,2.930877192982456,0
C11381,18,56,56.65,1,2,,Mensual,Tarjeta,Fibra,3172.4,0,0.21428571428571427,,0
C11382,35,40,60.87,4,1,33.3,Mensual,Débito automático,Fibra,2434.8,1,1.2,1.827927927927928,0
C11383,37,17,55.28,1,1,15.7,Mensual,Tarjeta,Inalámbrico,939.76,0,0.7058823529411764,3.521019108280255,0
C11384,18,14,45.22,1,0,20.9,Mensual,Tarjeta,Cable,633.08,1,0.8571428571428571,2.1636363636363636,0
C11385,40,21,52.77,2,0,21.6,Anual,Tarjeta,Fibra,1108.17,0,1.1428571428571428,2.4430555555555555,0
C11386,54,17,60.45,1,2,30.7,Mensual,Efectivo,Fibra,1027.65,1,0.7058823529411764,1.969055374592834,0
C11387,26,12,77.75,0,0,22.8,Mensual,Transferencia,Fibra,933.0,0,0.0,3.4100877192982457,0
C11388,43,25,52.29,2,1,23.1,Mensual,Débito automático,Fibra,1307.25,0,0.96,2.2636363636363637,0
C11389,28,19,53.23,2,0,8.8,Bianual,Transferencia,Cable,1011.37,0,1.2631578947368423,6.048863636363635,0
C11390,31,65,40.15,3,1,14.8,Mensual,Tarjeta,Fibra,2609.75,0,0.5538461538461538,2.7128378378378377,0
C11391,57,17,69.86,2,1,,Mensual,Efectivo,Inalámbrico,1187.62,1,1.4117647058823528,,0
C11392,32,13,73.86,0,2,5.4,Mensual,Transferencia,Cable,960.18,1,0.0,13.677777777777777,0
C11393,45,24,80.72,1,3,32.7,Anual,Débito automático,Inalámbrico,1937.28,1,0.5,2.4685015290519874,0
C11394,18,28,53.19,6,2,26.0,Mensual,Transferencia,Inalámbrico,1489.32,0,2.571428571428571,2.045769230769231,0
C11395,61,30,68.65,1,0,16.0,Mensual,Efectivo,Inalámbrico,2059.5,1,0.4,4.290625,0
C11396,46,30,54.28,1,0,15.3,Bianual,Tarjeta,Inalámbrico,1628.4,0,0.4,3.5477124183006534,0
C11397,37,24,62.43,0,1,37.2,Anual,Débito automático,Fibra,1498.32,1,0.0,1.6782258064516127,0
C11398,46,23,61.29,1,0,33.3,Mensual,Tarjeta,Fibra,1409.67,0,0.5217391304347826,1.8405405405405406,0
C11399,22,35,51.93,1,1,21.0,Mensual,Débito automático,Fibra,1817.55,1,0.34285714285714286,2.472857142857143,0
C11400,53,11,60.26,1,0,23.1,Bianual,Tarjeta,Cable,662.86,0,1.090909090909091,2.6086580086580082,0
C11401,35,13,60.83,2,1,16.8,Bianual,Débito automático,Cable,790.79,0,1.8461538461538463,3.620833333333333,0
C11402,37,6,50.1,0,1,23.1,Anual,Débito automático,Fibra,300.6,0,0.0,2.1688311688311686,1
C11403,33,11,49.95,1,2,16.6,Anual,Débito automático,Inalámbrico,549.45,1,1.090909090909091,3.0090361445783134,0
C11404,32,46,78.97,2,0,21.4,Bianual,Transferencia,Cable,3632.62,0,0.5217391304347826,3.6901869158878506,0
C11405,47,35,96.8125,2,1,36.5,Bianual,Transferencia,Cable,3411.45,0,0.6857142857142857,2.6523972602739727,0
C11406,42,70,37.59,0,0,21.2,Mensual,Débito automático,Fibra,2631.3,0,0.0,1.77311320754717,0
C11407,47,60,37.92,0,3,13.6,Bianual,Transferencia,Fibra,2275.2,1,0.0,2.7882352941176474,0
C11408,39,35,40.61,1,0,11.1,Anual,Efectivo,Cable,1421.35,0,0.34285714285714286,3.6585585585585587,0
C11409,45,26,54.8,2,1,23.0,Anual,Tarjeta,Fibra,1424.8,1,0.9230769230769231,2.382608695652174,0
C11410,34,24,67.26,1,0,15.9,Mensual,Transferencia,Cable,1614.24,0,0.5,4.230188679245283,0
C11411,66,3,70.05,1,0,,Mensual,Transferencia,Fibra,210.15,1,4.0,,1
C11412,20,22,53.18,2,0,9.0,Anual,,Fibra,1169.96,0,1.090909090909091,5.908888888888889,0
C11413,54,15,66.35,1,1,27.5,Anual,Tarjeta,Fibra,995.25,0,0.8,2.4127272727272726,0
C11414,55,12,48.27,4,1,13.5,Mensual,Transferencia,Cable,579.24,0,4.0,3.575555555555556,0
C11415,29,31,49.01,0,1,22.4,Anual,Débito automático,Fibra,1519.31,0,0.0,2.1879464285714287,0
C11416,66,20,60.88,5,3,19.3,Mensual,Transferencia,Inalámbrico,1217.6,1,3.0,3.15440414507772,0
C11417,51,25,33.97,0,2,35.7,Mensual,Débito automático,Fibra,849.25,0,0.0,0.9515406162464984,0
C11418,51,10,40.31,3,1,23.4,Anual,Tarjeta,Inalámbrico,403.1,1,3.5999999999999996,1.7226495726495727,0
C11419,39,41,38.15,2,1,37.6,Anual,Transferencia,Fibra,1564.15,0,0.5853658536585367,1.014627659574468,0
C11420,36,17,65.74,2,2,26.5,Mensual,Transferencia,Fibra,1117.58,1,1.4117647058823528,2.480754716981132,0
C11421,36,30,57.96,0,2,33.4,Mensual,Transferencia,Inalámbrico,1738.8,1,0.0,1.7353293413173654,0
C11422,44,18,65.29,3,1,20.3,Mensual,Efectivo,Cable,1175.22,1,2.0,3.2162561576354682,0
C11423,56,3,31.29,0,1,24.8,Anual,Tarjeta,Cable,93.87,0,0.0,1.2616935483870968,1
C11424,41,32,33.18,4,2,31.7,Bianual,Transferencia,Cable,1061.76,0,1.5,1.0466876971608834,0
C11425,28,21,62.39,1,1,29.2,Anual,Tarjeta,Fibra,1310.19,0,0.5714285714285714,2.1366438356164386,0
C11426,49,6,20.0,4,2,26.2,Anual,Efectivo,Cable,120.0,0,8.0,0.7633587786259542,1
C11427,50,9,75.87,0,1,19.4,Mensual,Débito automático,Fibra,682.83,1,0.0,3.9108247422680416,0
C11428,47,42,29.46,2,2,20.7,Mensual,Tarjeta,Cable,1237.32,0,0.5714285714285714,1.4231884057971016,0
C11429,48,6,69.69,1,2,31.1,Bianual,Transferencia,Inalámbrico,418.14,0,2.0,2.240836012861736,1
C11430,36,17,40.95,2,2,32.8,Mensual,Transferencia,Inalámbrico,696.15,0,1.4117647058823528,1.2484756097560978,0
C11431,28,74,68.17,3,0,17.3,Mensual,Efectivo,Cable,5044.58,1,0.48648648648648646,3.940462427745665,0
C11432,29,33,96.8125,0,0,16.0,Mensual,Tarjeta,Cable,3326.07,0,0.0,6.05078125,0
C11433,19,38,20.0,5,1,14.8,Anual,Transferencia,Cable,760.0,0,1.5789473684210527,1.3513513513513513,0
C11434,42,19,66.09,2,0,28.6,Mensual,Débito automático,Fibra,1255.71,0,1.2631578947368423,2.3108391608391607,0
C11435,38,5,27.62,0,0,14.6,Mensual,Transferencia,Inalámbrico,138.1,0,0.0,1.8917808219178083,1
C11436,34,27,60.22,3,0,28.5,Anual,Efectivo,Cable,1625.94,0,1.3333333333333333,2.112982456140351,0
C11437,18,10,47.04,1,1,26.4,Mensual,Transferencia,Fibra,470.4,0,1.2,1.781818181818182,0
C11438,24,9,53.47,2,0,17.6,Mensual,Débito automático,Cable,481.23,0,2.6666666666666665,3.0380681818181814,0
C11439,52,25,44.28,3,2,34.5,Anual,Tarjeta,Fibra,1107.0,0,1.44,1.2834782608695652,0
C11440,31,10,64.84,3,1,10.3,Bianual,Tarjeta,Cable,648.4,0,3.5999999999999996,6.295145631067961,0
C11441,43,23,34.16,1,1,,Mensual,Transferencia,Cable,785.68,0,0.5217391304347826,,0
C11442,22,14,69.68,2,1,24.6,Mensual,Transferencia,Fibra,975.52,1,1.7142857142857142,2.832520325203252,0
C11443,56,22,52.74,3,1,,Mensual,Efectivo,Fibra,1160.28,0,1.6363636363636365,,0
C11444,37,16,33.47,1,1,34.7,Mensual,Tarjeta,Cable,535.52,0,0.75,0.9645533141210374,0
C11445,42,23,79.58,1,0,29.8,Bianual,Tarjeta,Fibra,1830.34,0,0.5217391304347826,2.670469798657718,0
C11446,67,57,60.4,0,1,18.6,Anual,Efectivo,Inalámbrico,3442.8,0,0.0,3.247311827956989,0
C11447,57,39,87.72,0,0,14.3,Mensual,Tarjeta,Fibra,3421.08,0,0.0,6.134265734265734,0
C11448,35,21,72.37,1,0,9.4,Anual,Efectivo,Fibra,1519.77,0,0.5714285714285714,7.698936170212766,0
C11449,32,51,41.39,1,1,41.3,Mensual,Efectivo,Fibra,2110.89,0,0.23529411764705882,1.002179176755448,0
C11450,35,30,52.78,2,1,14.6,Mensual,Tarjeta,Cable,1583.4,0,0.8,3.615068493150685,0
C11451,45,49,58.17,3,1,11.9,Bianual,Efectivo,Cable,2850.33,0,0.7346938775510204,4.8882352941176475,0
C11452,38,7,77.63,2,1,24.1,Mensual,Débito automático,Inalámbrico,543.41,1,3.4285714285714284,3.2211618257261407,0
C11453,34,10,60.38,0,2,8.9,Mensual,Débito automático,Inalámbrico,603.8,1,0.0,6.784269662921348,0
C11454,57,27,61.75,0,2,14.1,Bianual,Tarjeta,Cable,1667.25,0,0.0,4.379432624113475,0
C11455,38,21,51.74,2,1,30.0,Mensual,Transferencia,Fibra,1086.54,0,1.1428571428571428,1.7246666666666668,0
C11456,67,23,60.65,2,1,25.7,Mensual,Débito automático,Fibra,1394.95,0,1.0434782608695652,2.359922178988327,0
C11457,40,34,74.77,0,0,18.9,Mensual,Transferencia,Inalámbrico,2542.18,0,0.0,3.956084656084656,0
C11458,60,27,59.86,2,1,22.1,Mensual,Tarjeta,Fibra,1616.22,0,0.8888888888888888,2.708597285067873,0
C11459,43,41,49.97,1,4,18.5,Mensual,Tarjeta,Inalámbrico,2048.77,1,0.29268292682926833,2.701081081081081,0
C11460,51,40,49.26,1,3,21.5,Mensual,Efectivo,Inalámbrico,1970.4,0,0.3,2.2911627906976744,0
C11461,30,11,44.59,1,0,15.9,Mensual,Efectivo,Cable,490.49,1,1.090909090909091,2.8044025157232704,0
C11462,29,3,31.64,3,0,17.4,Mensual,Débito automático,Cable,94.92,0,12.0,1.8183908045977013,1
C11463,45,10,45.09,2,0,17.1,Anual,Débito automático,Inalámbrico,450.9,0,2.4,2.636842105263158,0
C11464,51,10,80.21,0,1,16.2,Bianual,Transferencia,Cable,802.1,0,0.0,4.951234567901235,0
C11465,39,24,51.87,4,2,30.4,Anual,Efectivo,Cable,1244.88,0,2.0,1.70625,0
C11466,24,24,62.09,1,4,28.2,Anual,Tarjeta,Fibra,1490.16,1,0.5,2.2017730496453902,0
C11467,23,20,20.0,1,1,14.5,Anual,Tarjeta,Fibra,400.0,0,0.6,1.3793103448275863,0
C11468,22,31,59.58,1,0,12.4,Mensual,Tarjeta,Fibra,1846.98,1,0.3870967741935484,4.804838709677419,0
C11469,18,84,47.72,0,0,20.7,Mensual,Débito automático,Inalámbrico,4008.48,0,0.0,2.305314009661836,0
C11470,40,19,47.98,2,2,39.2,Mensual,Tarjeta,Cable,911.62,0,1.2631578947368423,1.2239795918367344,0
C11471,53,27,60.9,2,1,13.8,Mensual,Transferencia,Cable,1644.3,0,0.8888888888888888,4.413043478260869,0
C11472,39,23,47.53,0,0,20.7,Bianual,Transferencia,Fibra,1093.19,0,0.0,2.2961352657004834,0
C11473,18,15,20.0,0,0,22.7,Mensual,Transferencia,Inalámbrico,300.0,0,0.0,0.881057268722467,0
C11474,37,34,68.34,0,0,21.1,Bianual,Transferencia,Fibra,2323.56,0,0.0,3.238862559241706,0
C11475,37,19,58.16,2,1,18.3,Mensual,Tarjeta,Cable,1105.04,0,1.2631578947368423,3.178142076502732,0
C11476,64,12,56.01,2,0,31.2,Mensual,Transferencia,Fibra,672.12,1,2.0,1.7951923076923078,0
C11477,22,13,36.57,1,0,25.6,Mensual,Transferencia,Inalámbrico,475.41,0,0.9230769230769231,1.428515625,0
C11478,34,42,31.77,0,3,28.8,Mensual,Débito automático,Cable,1334.34,0,0.0,1.103125,0
C11479,59,33,62.93,1,1,26.7,Mensual,Efectivo,Fibra,2076.69,0,0.36363636363636365,2.356928838951311,0
C11480,44,16,80.32,4,0,29.2,Anual,Débito automático,Fibra,1285.12,0,3.0,2.750684931506849,0
C11481,46,31,59.63,2,1,34.7,Mensual,,Fibra,1848.53,1,0.7741935483870968,1.718443804034582,0
C11482,40,23,34.46,2,1,32.6,Anual,Tarjeta,Fibra,792.58,0,1.0434782608695652,1.0570552147239263,0
C11483,43,28,59.27,1,0,40.6,Bianual,Transferencia,Fibra,1659.56,0,0.42857142857142855,1.4598522167487684,0
C11484,48,14,56.24,0,1,31.7,Mensual,Débito automático,Fibra,787.36,0,0.0,1.7741324921135648,0
C11485,29,10,65.63,1,0,16.6,Bianual,Tarjeta,Fibra,656.3,0,1.2,3.953614457831325,0
C11486,50,19,66.6,3,2,28.8,Mensual,Tarjeta,Fibra,1265.4,1,1.8947368421052633,2.3124999999999996,0
C11487,23,11,20.0,0,0,27.7,Mensual,Débito automático,Cable,220.0,0,0.0,0.7220216606498195,0
C11488,43,11,64.07,0,0,37.4,Mensual,Débito automático,Fibra,704.77,0,0.0,1.7131016042780747,0
C11489,41,7,40.38,5,0,14.3,Anual,Tarjeta,Fibra,282.66,0,8.571428571428571,2.823776223776224,0
C11490,32,3,32.03,2,0,26.5,Mensual,Efectivo,Inalámbrico,96.09,0,8.0,1.2086792452830188,1
C11491,39,16,52.14,0,0,16.6,Anual,Transferencia,Fibra,834.24,0,0.0,3.1409638554216865,0
C11492,32,47,59.52,2,4,26.1,Bianual,Transferencia,Cable,2797.44,0,0.5106382978723405,2.2804597701149425,0
C11493,26,40,27.37,1,4,20.3,Mensual,Transferencia,Inalámbrico,1094.8,0,0.3,1.3482758620689654,0
C11494,35,62,64.62,2,1,25.8,Anual,Débito automático,Cable,4006.44,0,0.3870967741935484,2.5046511627906978,0
C11495,26,10,63.43,0,0,10.7,Anual,Tarjeta,Cable,634.3,0,0.0,5.92803738317757,0
C11496,43,35,56.59,1,1,28.3,Mensual,Efectivo,Cable,1980.65,0,0.34285714285714286,1.9996466431095408,0
C11497,25,21,38.74,1,0,23.6,Mensual,Tarjeta,Inalámbrico,813.54,0,0.5714285714285714,1.6415254237288135,0
C11498,48,13,42.35,1,0,23.2,Mensual,Efectivo,Inalámbrico,550.55,1,0.9230769230769231,1.8254310344827587,0
C11499,25,44,67.14,2,0,37.6,Mensual,Efectivo,Fibra,2954.16,0,0.5454545454545455,1.7856382978723404,0
